portfolio_id,new_portfolio_id
ed99cbd7-71bc-4a1f-922d-c0693095bad3,20e6d4b7-c0b0-4e64-a7b8-e5a7f1a16654
f8ca9d63-5328-44dc-b673-c4ad42f46891,73d361ec-4a91-4963-895c-af10ab58f39d
c5e7d52f-ecbf-4123-ab9b-4a4c5a11c46d,6a5dc38d-428a-46fa-8255-53c6a80ddc8a
1aa45be8-105e-4926-a62b-1a5218f2e181,81a5d8b6-dab5-49a5-bd17-3ba584b8ef74
f93ea0fe-f83e-4aac-8ff1-e32c0873b5e0,5f8bbe85-4906-430a-814a-81ad69a0170a
626dc8ed-49fe-46f8-a479-9780093e16bb,723a99cd-dafe-431e-8cf5-367b5c2238ea
e5674cd4-59f4-41ec-a774-b4c713f29ebf,ba85a303-c5be-4995-b5c4-a443c382c76c
f36e8e55-6907-4fc6-8d86-05f5d5901e70,ff934f8c-c54c-4c3b-b373-3902ba63f202
25f696d5-e220-49c3-8a8b-2b3fb82673e1,2d4edcc3-da2f-41ef-8a52-64041f01cd23
31e6374f-cca6-4b4b-8dac-899d896c7e84,aacb7508-3593-4496-9c99-345527c04ca7
367267a9-1fef-41b2-9f3b-6dd24d0bb85b,6300ffa2-291f-41d8-9fa1-68d4c6c5c18e
28e75682-f744-4d42-af93-44b6f26a192d,7e3c4f1b-0897-4047-a568-aba2d9af9a57
10d99f12-5ff0-4cf5-a4ec-2285786bc4be,e0ea8251-a543-42b3-8ad0-979e5ad08f22
77287504-2aa6-45a4-aa4f-97457f3f0380,a6aa7224-f2da-49c8-bfca-8900aaa31bb7
e1ba5983-3f10-4836-8771-95c3bb31d6dd,210e7c30-b16e-4f02-9614-5fedb81fa182
8ba35b5f-0624-47d6-bff3-189832e552d7,5629c5da-d01c-46dd-bf6e-ef8c6eee2d26
0b7595a8-79aa-4e4f-b56a-ba0cc67f0274,b91d1f50-4f04-4837-addf-fa0f0dc88990
fabc07f9-87cc-4357-9bbb-009d4bdbac25,826edce7-c0ef-498f-97b5-45105f92fed5
a332f25b-bfb5-4efe-88e3-ee4046c30340,1eb5e34c-6413-4297-98c7-38e0de179120
c224176f-f751-4f7c-b4cd-9ae832c47ad2,9ef527ae-d1fb-4b23-8852-84d13bae3957
0419b30f-cbd0-44b9-88c2-d680fad35c3c,2568fecb-f69e-44ed-aa86-e7b83b3cc7e0
2998fb9e-b13a-4fd9-83c4-a474172377f4,c200e2ed-bf80-468c-b6ce-ff231d884e61
e8502543-08df-4d23-a046-5c32b81f15d6,0e926b2e-fc3c-4033-b798-e8e9a7145f82
194026cc-27fd-4916-8cda-a6513e19a98f,d056a441-b8b3-4678-a435-57049e48d3a7
f93b8afc-7030-4d73-847f-b421f2d5af2d,3c3cb0aa-8ae7-49cd-9ee8-18d4a93b9cb8
9be6ee0b-faa0-4961-991a-3c862aed49b2,b7cc1387-5834-4463-a2d2-96d948674be6
eca4fcea-b078-432f-b646-7d5c1628e892,5cad5aef-8a1a-4208-8088-431dad3251a3
903484f9-f2f7-42cb-baf4-6e2b4db7e69a,d61bc3de-0a0a-4891-b6bc-494eeef4abc8
9cc61133-120d-4b61-b230-b6ec7a3de97c,bb80b9e5-6191-496a-9093-caddbab6b582
6eec3c88-318e-4aeb-99b5-5b9bc3e8aca2,f56d9aff-fcfa-43dd-8251-872f76bc2a5a
79a9ea14-4139-4f3f-8d11-5e7aae89c893,163cbceb-84c4-43be-91cf-b2c74f65f1db
d7be111a-ab13-4f05-8136-f12c73fa9fd2,230a10ed-4ad8-408b-b926-96e14cb00dfe
37c360f1-7661-4717-8556-2d5763dee5f2,9b1cfe48-f585-4f67-aed7-fc70f2fc2228
03fa0726-cb9c-4e19-8d0a-3547d4818e7f,ac8d5730-2e6b-49d1-9ba9-f519761591ad
cf7e9e95-3344-4195-9d68-97df2ff2c329,b0ad9d23-f559-4a20-a53f-eded09f8c1cd
f88b1ba2-b8a0-468f-a87b-b4d3a73a2dc1,f0f0acbf-84a9-4043-ad16-582f6ade6d87
486cb080-81e3-4fb6-a780-146b1659cf69,adc66393-bc0f-4736-8528-95707ac23aa1
7fa6b5de-dc01-4201-9501-75e3a3e0b3d2,fe8474c3-b6ee-40f5-bec0-e7f26ee29edf
80f441e0-6699-4075-a046-ff74dafaf454,121fa77f-2293-4dc6-87fa-eb86ba6a7ce1
9cb55634-06b6-4154-bdf2-a22d210341cc,2aea7f13-4ac2-4abd-b2b2-eeaff550e53e
7073679a-6db4-4f9e-9a67-5a9beaa2b248,2d964bef-57f6-42a4-a4ba-af2022d0051f
8da2d83d-d2dc-458d-98e7-754a54839106,aee5ac0b-a4e1-4d91-a501-36eb77bd3edc
f15c7b61-bd4b-462d-a37e-c0b6072c9224,bb7ac0bc-229f-4276-9378-f11a79551375
ee0cddc7-3e54-4bc9-9afb-6932af76085d,2fdd21c9-ae9d-4dd2-a117-f6b9e50b0cdb
26c16976-34c1-46b4-af06-4346e64d71a9,e7b4453d-807c-443c-b097-bd821dbf0cdd
d064ffe1-d809-4bb9-8ed2-47b65bd92fb4,187080f4-8676-46b2-b615-9cee9441fec2
0b5d581a-79fd-4e9f-955e-43ee82bd13d1,d4f3e8c4-ddd8-4a47-a7a9-e08e6d66635d
ebe9c40e-6f32-4c87-864f-df1af869095a,7929c53f-eb22-4f60-a0b9-c70a2aaa7cbd
9d37b739-d11e-469f-afb5-3e873d5a9bc7,f4e46c00-f28d-4f70-855b-c27ce1df82e1
b83cde74-95fe-477e-9067-493934e6f2e5,7e1c9959-7d30-44d6-8324-9a966014acbc
56708458-c8fa-4672-a37b-c0a8e6ce69c9,6de624c5-c768-49fc-b14b-dab213f2a7fc
c4c9ce80-e4dc-4ae5-b4d1-6b5ff2b09b40,46e11df7-33e3-49f8-ba8d-ebce976ab4ac
3adae4c4-7324-4a88-90c5-3df5495c7cdf,dcd60432-f23d-42b1-bef0-25ee1a46bd1d
2f9164e1-5b6c-4a8b-aded-44a40e3f0a06,634d759f-d216-450a-9c30-208efc35ce02
1414e8a8-4dfd-4465-add9-f2f2a9e73a97,f57d2447-48af-44ed-b1a5-2928face842e
1edafc0d-4a9c-4cf6-989e-b3b85c321424,8cda8227-0e27-4067-b154-dadc025626b4
42b273c3-2f4f-49f3-b6bc-197da7eab1ac,b277607b-4c00-4f7d-b7f6-285ddf0bfe80
01ac9a06-95d2-48c9-951c-a682d1af3313,5bb7016a-15a4-40a1-b982-738cd071e9ac
d2476810-3cf5-486d-9b61-e1da810b2dec,f9d34e97-aa2f-4922-a4f4-f1297ec12158
25b23128-c326-4b3d-8bdc-58e3c721bb70,ce604738-7d50-455e-8702-d83d8f510bf9
70149d53-8edd-4c75-9965-8b80e9090874,9f08f587-6cd5-4683-8e86-4c0b9979b9d5
bfc7ffc9-34f1-4c4c-9844-650fe3c065c1,90331ab9-1d64-48b7-8820-118aee758158
5d831713-cfa2-4efc-bd59-daf2198585e6,bcd43012-fe7e-4697-bc99-9713fb29b5c5
109dfa89-4d81-4b7c-bed8-348ee47d6601,d9769376-f5ce-40a1-9e41-9dd1b58f845f
ac420b61-2a9c-4a83-b507-1619460c0182,cfff1f63-ab6d-4927-9e79-0ec1c003dafe
d1fceef0-c6a5-4902-92c0-90ebff2d8a4e,9f893662-b2d1-4877-afd6-04297dd09940
51a60710-a7b4-402e-9a7b-20e7e49738a1,0b394048-6fed-46e7-90d3-a3972fbf5880
55afeb48-a294-49d6-abd4-c84a1ae1be36,fc672f18-b2fe-486e-8b82-2b127c50fe96
85b01267-3580-4f6a-91ee-a994c85a6c64,ebf616b2-208d-48ed-a3d7-9c834ec5cc18
c144be45-4855-4545-a134-026f98cf65f2,9ab34d72-30b6-4291-804e-8318ed709f83
91c7621f-c305-4f99-bb0c-8e7da7dcda89,b84a1fea-8e32-4deb-8974-5b801b3755c4
8c522501-fc71-4745-87a7-49db4af6cab5,c1a7c18f-9d35-49cb-bd95-7076db68829d
4bbb2ee6-7a46-4984-b6c3-3586e0b46fb9,14aac491-df15-4ff4-8317-df748af6c46b
cfabdabc-f444-4611-b079-5c5e7dcf292c,f1cb701d-7dcc-4aac-b3ce-946cefe26605
61d1b3ad-db70-4ae3-a880-1f8736774d95,008ff3db-c637-4818-a456-43147c8d8d32
df5c0ad3-6ff7-4c79-876c-62dce63dcc9f,df96d0e5-3c62-4233-acce-77da64c4f96d
7c84a10e-d7ef-426f-874d-5569bd3f67be,8591296c-ab6e-4e26-a712-28dd6a56dad7
7828508f-4fe3-44d9-ad83-f30e1627baed,223d1490-aecf-4ad9-a0f5-163e3a990447
ec326ae5-a83b-4f98-ae25-9d58feabf20c,16d806fe-406e-476b-bb8b-fb45969d818b
58d998fc-90be-4295-ada2-ae6c92848d47,d219b74f-1315-42d8-af05-9cead42ec3f9
70741205-ac12-4c66-87e1-76fd164b61b8,9219053a-60a4-468b-be60-e6d1e591f69c
01dfa425-746b-4bd4-807b-08f5da576b8c,cca06c9d-78f0-4410-8ccd-682993297d04
ef756901-f1f7-42b0-9024-fa600ef697b9,c6ea1ad4-1f6b-43b4-8275-b6290d10cbb1
114a51a6-bafd-4c42-bf3f-7f03264b1068,bc73f308-55ee-4995-814a-1f7b754b416c
637021d8-9d5b-41a0-a10c-59495b3f369c,d891ec5e-b332-4bdd-b171-ab0af538c3cb
0fa454b9-2083-41e9-8f5e-5f7d5cca7144,86956c4b-5cb4-4b05-bd28-ddd310610233
2b3b16a2-a041-4dc2-8964-7df3459e2b3c,f0ed1559-d164-420f-9144-49b7d0b4a6b9
2c741fcc-b12c-4312-b244-96ec6a41a076,06a60123-1362-4c5f-be2f-8bc57b3ba643
4bd57a64-0a5e-400d-b335-5cb67e868bd1,8f31311e-fdbd-475d-8a80-4f9fa9df8135
630d6698-d87c-4851-b1cf-3b6403b2b9b1,40022414-0f1b-432d-b9b9-0ec036c89175
c6ab748d-b784-4d52-983e-1d52fadabb2d,ea704af6-ea32-4054-b3c2-7a9d16a099ed
2ba3f2af-73f6-474d-93f4-041f6db079ed,905817b0-e791-42e4-9c23-655101d88667
426f8e3a-ed08-4633-9716-d405c5fd7c26,1d314d5f-964a-4b0c-a22d-6d9d33ad5f44
b0964deb-a567-4cf4-bed8-842b64205e7e,f9e317c6-5c07-4030-b3b8-553c81a461d0
5f70bfe3-1682-4e33-b958-e7dd6f49e314,542efe55-7ad6-4e57-827a-94dad1d40e00
34eea2d4-4fb8-48e8-9291-baa95bdd6fa6,9709db63-539b-47aa-a412-0b26a20334d2
cdd951b9-20af-478b-8ef8-35d9fdb563b1,886f456a-beda-4540-bce8-dc32dbd9f774
a88a2b6b-c517-4148-830e-d7ae44aea358,11701ddc-2b38-49e8-b6b5-ce518593bfcd
3fde0974-154e-41e0-94f4-7389ada7f256,b747f7ad-57d0-4328-8c4e-2423b2a7bc77
232bf1cc-cf7f-473e-ab5e-efa95a60ddf8,52e50fb7-8813-42ee-816b-2c6799e32755
ff38d8fe-1a60-476a-8a52-49d1ea595a37,4cfaae99-f556-4228-8514-0c83b9fd1b28
77359019-2540-4374-8753-5380024fbec6,d55ac02a-ae15-4bc3-b62c-209361d655d5
dee6b489-a8f8-4313-881c-1cdb841f48e3,0c5a9e62-66ef-400f-b536-d6222e743288
aba73faa-f8a0-45e9-bb4a-f1e639d24867,909d1a31-1c2e-4322-97cd-3f11681cc4d8
ddf468e0-d4be-4edf-9f60-c0f630d05710,5eaf9a83-f2ef-4050-b6a5-17de730ae4e3
beddc272-6d7a-4695-b8b1-d1a4ebbaa2f2,701a0b24-5f08-4794-aef2-81cc317715ea
980f6825-28ea-42d4-9de5-0c98147ef434,d722e66a-5e1a-4858-a1ae-ab2f42b0a49e
a6e5a603-99ab-42ee-85a4-2cdc7b06159c,06c993a0-2623-4ead-a6c2-d25ba4aa55fd
e8ccd5db-be01-4007-94c5-da4cacdef87d,4d42edfb-d591-43b6-bab8-9a4b1a851b72
6de6ad4e-0932-4577-acb9-520500bf012e,ed45dc93-7865-41fb-8486-9df5c7ee4352
c3620e0b-c75d-4d99-af65-dcba72cde0df,a2ac1d85-35de-4a60-b1d0-b2b66433c13f
6251e48f-3955-49ac-9252-eedb6c255780,11def7b4-9e80-4faf-9f0d-91acc8b0c8fd
9e12ec93-9761-47d9-b09c-cc2f64323433,f45b7706-c239-43c2-b088-6e4c6ffaf00f
689cf315-bb28-4d39-afda-ac4d88c5e7a2,5bda9f72-842b-42ce-bc1a-a9bad3bb870e
688c34fa-e0f1-42f0-90fe-cffa4a8c7466,389aef24-a489-42b1-b088-39330418acf7
b7b60add-b495-4497-bd83-8db66466e814,7d07b8e8-433d-47f9-9d18-f0e307abd5a8
a7632af4-084c-4633-a9a2-402b84cd7b71,c9786591-bcec-418c-a20e-9136d53d13d6
c6a44dd3-1cb2-4a86-b756-9daa9c094a4f,a175c736-5a2b-44ce-a52e-437e427d23cb
0c5a55f5-e77a-4c86-be8e-21f2036d7278,6594450f-7b36-4424-93a0-efc2f01540c6
0da91405-fdfa-4256-b652-5ce56a6ceafb,45db4c94-e494-4c3d-abad-28baded637fc
70609d3b-d537-471e-bbaf-d13b029072d8,c03b9162-579a-467a-b564-1bddbc4f0115
fdb7f6e3-088d-4148-bf49-988fd1fe7adb,53a4b57c-a9a5-45b1-ba70-dd6d20a0d0d4
72766689-479f-46fb-80bb-6c71219ebe66,c2c3b502-0d7f-4692-9329-79cd1166589c
165af8a4-4317-4d6f-9e4e-13319f0d259c,347e5b7a-41a0-4601-a2ae-c4f5b3bfc451
55c5d0f8-d0f9-4ad9-b5f1-8ac4bb627713,c1c04555-1953-4b46-879e-adddb9ec37b9
64287e40-26f3-4b26-b43b-3ae0a93f8087,75910561-8174-42a8-903c-f4609084c744
7ee89a3c-6dc7-4b13-a97e-3922a0be99b1,3f146957-8a43-40a8-b14e-f338923143c1
55c0c9b2-285c-4826-a869-5a5d0764436b,2a2b4f04-de75-495b-afdd-2ec52a712d0a
592ab63b-acdb-4bd1-af87-1db7d943bd70,a1a16aee-71b4-4a06-9f99-4de2be692c3b
98d7b634-6e45-44e2-8ead-d9bdfef17ab7,3688fb2d-9312-44b9-b9d1-9d9df2eb8224
cf6ab13d-70d7-4d62-ab3d-54dd80739c42,a38dda02-8463-43d8-9b1b-7e893c4f9769
9e6acccc-8aad-4efa-b338-9f6627ff66b4,8b5a8140-0583-4dd7-8b50-c22f7211461a
2c0b8e85-0cf7-48bb-8b94-f2be23303191,ccb49f74-aae6-4b06-98aa-e23bb42c4611
819fb153-fb40-4e0f-999e-ccfedfa3bc31,420aa517-7904-4113-b60a-71b03c7a18be
d952e39e-35ec-4255-94e0-53d166a41492,30a8cba4-09f8-4b97-aed9-4b2b4d984847
3763bc9e-1aa4-4d14-87b4-c9567ba494b0,70578cdb-3118-4311-9168-83acb2726f7a
154e384a-867a-4956-b64d-b48da6713bb4,fe665d84-fb30-43d1-9cff-dcc763b05dda
2f19d821-026d-4eb7-bd17-62a63c4e43c0,638e40b4-b064-4281-a45d-98752af48029
2a31e903-927c-4ae2-a8d9-c14d847565bd,46c047e3-a214-4d8f-af2c-ddeef2a5ef40
8d78029e-595c-4841-aec1-4f157a351603,fc2c1d96-ad21-494f-9e8a-9c3a4df5fb02
1f54316d-9eee-44ac-974f-6a0783089910,7f352661-bc62-4dcd-a694-552d72c5e555
69d5e31d-8d0a-4fd4-a669-5d9ca23c4381,e2fc5d56-7cb3-48ed-a5da-beda3fe5469e
3d6ccd45-6df2-4e45-88c3-90ac8942afb3,737d7082-c9c3-4766-b94e-5dd7de8587e5
4f65a897-7b40-410f-8c62-09ddba812b16,53052d9b-7851-42f9-acd0-365501f42eba
5d9dc054-2343-4769-80fe-194ed5220467,6a1f5841-f1de-4f26-a752-e90ff4acd7da
460350f7-6a0f-4c89-8e28-1bcca6343ce1,a059bbd8-d04d-43f5-9da0-1e00de334c8c
5a70d3ce-91ae-438f-8b3a-a9d02677393a,d31c6d87-8d85-43e0-ae41-0a531ecf3b23
a5b4e748-8450-4452-be12-d4f0209b0320,205b201a-b404-4980-a352-8000c6833335
1840d4f1-93df-46fa-8f7f-2e79adba3297,fc284913-acec-42a6-ac17-2afecb920f7b
60abe714-3dd7-46a2-8944-af0ddbec89f9,8f857232-b1dc-46b2-b199-a2542b748a46
29dc05a2-a2e3-47ff-8914-5a5045252d63,13f0ceb2-1ac1-401d-845a-53bd8244abbb
dc97e925-3c7f-4860-b9ec-5a896cc36332,11fcff89-6a9f-4885-b2df-095e44e751ba
2dd1d226-8bad-46b4-a001-4e27f0f6fa2a,db6db1c4-cbdd-4f18-a18a-e41020981925
d527af74-bfa0-478d-9d6b-4039c8ec1de8,dc3ff69f-cbdd-4cf3-8bc6-c816a4d16a72
cf557e5c-f5d5-4628-bd7c-ae19ba6373ec,04ebd0b8-b323-4b92-bd1b-6496860d6472
36a6a11a-ca7c-402e-a264-d5ebc7331e4f,10a01612-3e56-4352-bd40-a9c9f78a104a
3895bb0c-9626-4acc-840e-2e8afee81e8f,1da2b7ed-890c-42b1-a839-012c6b5803f4
0a8484bc-5a4f-4af1-b4fa-f81ffe0b5d68,94d71971-b2c7-4032-a4d9-ac65c5976560
2c9f319a-d626-47e1-a8e6-e2196a0d6b2f,267bd774-f583-4282-9f8b-d2d8af288d36
f00010a3-1cd8-405c-b317-06153f90b0e5,00729c8f-fc34-4cae-be16-af370b1ec85e
c1187cfb-d07f-47ee-9289-22bff946423a,567da8bc-68a0-4e3d-b8f1-0aa9694daaed
646d7f62-aaed-4eff-b904-b313b0ccd00f,9cbbdf6f-cbc1-4c56-867a-d9c737b67c2b
496e6756-89ac-477b-858e-2fbf91385016,ae458499-4a60-4aa6-97b1-79cbe218cac9
8030cd98-79ae-4388-a0f5-47629b6c04f9,a42f0889-c4ab-4986-8eec-8064facf0710
39eddd53-c2f0-439e-ba1b-50ee3d11d426,ab7e5cd3-3ded-4671-bc12-5a582c03bfc3
38575191-0fa9-4df9-9907-89fea92b49fe,300e4fc0-3a70-4781-9bdd-93cf574332c8
556590bc-9525-466f-82f4-5e104a7a1654,f33ff1e4-875c-49df-9599-85e8a033794e
fff72be4-4ade-48e0-98c1-d937af29c2c9,beda1e2c-5fd7-4e89-bc1e-ff5bbc316ba5
0408dc07-63c9-422e-a43b-f9544d4939c8,85363249-d991-4f93-b93b-8c8d81356941
f0a0fa22-3010-43bc-88d8-6d25e6140d0a,85c6ad75-def5-444b-8203-9e3f76e480e8
a3a0b17c-a5e8-492a-866d-c7e99b2d4faa,0ac40b8d-4131-4200-8daa-8309f98ca7b9
61606fd5-e2a1-4d06-b7f2-73074cf6412e,bc1fd30d-629e-4336-befe-163310d5c62c
b1b9c3b5-e11a-4f23-b282-cec4867a7c5e,6ab6d15a-12d0-4783-958d-28f1ee52190d
e36e7324-4895-47f7-9dc2-dd97acb67f79,e79112cb-65f8-44a2-92a6-d93490490c66
46d5ad8e-9bf9-4c27-8550-e68c2b72f6d0,a06e9783-ec86-4fee-9e73-c83383122f64
097ef3fd-c51b-4492-a975-f288cf68a3ce,9491e72c-15e6-4c4c-912e-6c53cb079939
5c0d34fb-0b44-4a2e-b329-ddbb1b3b34ca,73b7e1fc-7c54-4d17-be38-39b4af0ef893
f3ec5fac-53a1-423f-837d-6344112344a2,ed0a1b94-c5c0-41d5-8817-0612a02c71e9
e8a3ef39-ef6d-4357-ba9b-e1ac2c0e8d44,76b6ef43-5476-44cb-b7b2-c3b2db28dfa0
030850d1-a926-4035-9032-645aec30def3,a6c96ab6-806e-4fa5-95fd-0ef18cca273d
7211feb0-a767-4bd4-b7e4-8f8ff6a9eece,aa06d0dd-dbd5-403f-bd17-d786f005cc9a
64d0283b-ab68-43d9-bee6-f96e8ca2d93c,36be16da-5023-435c-872d-24cba8b147df
24f4c284-32d9-46af-bcff-ff3fff14c654,7f1327de-0377-4662-8521-24e9110e097e
76186cb6-74b0-4a4d-8740-ab29330e0c91,16da191f-03b0-460f-a296-8519c6ef93af
e4774d28-26dd-4230-bd32-4bdc629c3754,b1b40085-c98d-4e69-8659-6cfedea71cff
37748307-bcfd-4f39-b884-ffb1308f6352,90398d99-7565-41e4-87fc-ce40e0ebc818
cd7f9804-3c77-4bc4-a2a4-825cf50c16cc,72e3f2a9-7a4e-4154-a7b5-22c5e1ed0885
5e01413c-7d20-4e0f-841d-844b02af369f,01edc67e-75c3-49e3-9d42-9458196ed10c
d3980579-571b-44f4-8a0c-2c8ba86e106d,6fb03b86-14fa-4828-bb59-599ce3d7e298
9bf0e4c1-00c6-4d65-a058-adae7a846971,06e4fcfa-ca79-429a-ba33-b9f396177643
ef009d11-f974-47ea-b28b-80c84c21f0eb,df93f005-954d-4a5d-b2f4-bbfd361aa736
975244ae-8890-4659-a2c9-45bdbb1d1056,57d50b0f-5865-45fb-868b-3cb5132ae094
81de8039-108f-4f91-b916-72d2c4b2dc48,3c57ed18-4605-4bc3-bfdc-5a41e5782bbb
39aa8711-8c00-4eaf-b98a-debef80b142d,4cf204f0-5c9d-424e-956f-cb2d0ae5ad0a
16db7f4f-2c4f-411a-85b4-29871dfcc4c5,50e5cdfc-ca86-4eea-95b6-3d81d2682745
11e4a245-c9f9-4dde-9330-716638c0b110,600c62cc-54bc-4ada-b805-6e4d040eac05
92cc68a5-4317-4ee9-8c78-e39766ebe359,7c6497fb-9e7c-438d-828d-df93a0ca99cb
ff95647d-07c9-41d7-941c-9635a37b3c7e,912825a0-7d26-4543-bd73-557ed5c383f6
2d277733-8b4b-4def-b2f7-88dea3fc63f2,94226625-8409-4804-978e-04f121942c0f
1ded8564-0b4e-4467-a33b-796995265bac,85325bf8-0743-480a-98dc-505f2c07efe6
