portfolio_id,documents,new_portfolio_id
a30fa23f-4fa6-4146-ae38-fc260d257b67,1,17f73a1c-1c0f-443e-b700-0100f30b4615
d6dae10b-1e1e-4565-b57a-aeb4f4fbc40b,1,21eb12b4-76d0-42a5-8047-522e5a95fed1
032110e7-7906-4603-aaef-07d1f5543c41,1,96f3fbf3-1c72-4e3c-99c7-68a00f95f115
24f92ec7-6382-4294-9e7b-3dd0ccd2db40,1,b56b4161-eb9f-491e-9f5e-860ee185e331
ff125bcc-d6af-49f4-9555-6601bc3f0819,1,dadc6e8c-3e2f-4b48-bd45-ba0731fa2a52
9cb920fd-c089-46c0-a83d-c357ec04a565,1,319b6d4e-f090-4acb-86aa-3f34645f1626
c404feb6-f788-44f8-a604-ad6bdd694744,1,cb36d38b-460e-4d37-a5c2-4d56c110506f
b6f3d548-2242-415d-9381-363890f028d9,1,c157bd64-fc2e-47f6-81fe-c7da9a19de1f
e1ba5983-3f10-4836-8771-95c3bb31d6dd,1,468ecf33-ef5c-40a6-8830-f00b115c9a74
d5611128-c0bd-4b78-a597-1430290947dd,1,5ae003c4-3da4-4d58-8efb-c0d8ef26e67d
725d64e7-0b66-43c7-9e6f-907dc07db06d,1,f22fc1ac-b6ad-42c1-af5a-1a21fb68e8fa
eca4fcea-b078-432f-b646-7d5c1628e892,1,0983e43f-134e-4d9e-ba20-b2f741e98acd
f15c7b61-bd4b-462d-a37e-c0b6072c9224,1,7a55a992-184f-4c26-aabf-f6fe214be360
34b2fc4b-56b1-4181-b540-598a64faaa77,2,1af47e5c-8d6e-413c-84af-f590b8edcbc8
f4bbf47d-a1c3-435d-a45f-bfe38521d4d0,1,dc119cc1-4baa-40a9-9eed-4f5eb5c6f105
ed99cbd7-71bc-4a1f-922d-c0693095bad3,1,88b3e131-136f-4ba1-80c3-e96ef6b013f4
0d7c4d67-c7b6-484e-bb79-a4c39bf3733d,1,2f6db3ad-187c-42a8-ab24-58c689454e94
acb995f9-089c-41f4-bd4d-31bbdfcaeaf8,1,d1795278-90c9-4dae-8775-b2a17dee959d
3c51c625-48b1-434b-a58f-822334257902,1,2e7045ef-dbb7-4748-aa45-63d8f4d5c308
546cbe27-207b-43c4-af6c-59bcfd67fb15,1,6ff0d7db-89f6-4b21-a2c8-026c5bfb35a6
66197355-94d4-4536-ae46-1fb67b3a89cc,1,d81b5b35-b78e-4164-b6f7-1a4f29f37677
10d99f12-5ff0-4cf5-a4ec-2285786bc4be,1,66267e6a-0750-49bf-b09e-3720dfd02051
a6e5a603-99ab-42ee-85a4-2cdc7b06159c,1,6f6f9689-20e2-4018-9c20-7c50a26e412a
3f3a53af-bd8e-425d-8c6d-9ff7333f638a,1,4c26f253-9fb6-47f0-87ac-f444846d25c0
401e7eb1-9394-4c9e-8591-57c7fa8fd133,2,203025b0-7232-4fa6-a508-36cd4e5125f5
30296aa2-0c40-4cfe-9b15-711fcfa47e7a,2,4b05a84f-4184-4d6d-a4ad-00bd27ac51d2
dfce15fc-7333-498e-a2bb-cdc1fedc1fc7,1,89e4b0ec-bcbe-4fc2-bfc5-e72900dd9bc2
496e6756-89ac-477b-858e-2fbf91385016,1,6f72f86a-d22a-4ae5-a3cb-96c78b76a94c
aaed4a9e-3392-4964-b3aa-f3e5efbe9303,1,74667d01-d9c9-44b7-9f89-b9c0a508fcf9
f07d62bc-268f-4922-acaa-b59871d7772b,1,1887fce5-eea1-4432-b57f-8d70e3779ea6
132963c4-3e54-4e50-bd4b-5efde6d03f71,1,3ac1f7e3-54ed-4954-b59a-e1b3c16a4f2e
3fb81042-dacf-4991-af6b-5cadc92cda54,1,08e904a8-93f3-40c0-a8a5-a8849fe5a4a1
2646d89b-5b9f-414e-9f25-545d51061c4c,1,6503508b-5315-4f2d-98af-b5ca649dd288
50714d83-f9f9-4d81-bd44-65823ccf52f6,1,8324cc63-f97b-47ce-87bc-aa6bfafb8b27
c61ba665-6998-4eb6-b166-ba5844017b1d,1,65b6927b-2d55-4b55-a16f-d65f9760aa67
c6c6eb57-6ab9-44f1-8019-de18f4a1c533,1,e564ebe3-6f7d-4716-9d27-fd8151880a18
b7ed18cc-b1fd-4af0-b19a-674518581f18,1,41f7d6dd-8d82-46cb-ba29-0e20ee6afb88
c1cb835e-d126-4352-903a-15b4c309c4ec,1,a944d9d1-5ed7-479b-a450-e0039fd597c4
c6ab748d-b784-4d52-983e-1d52fadabb2d,1,1d0d0508-4f40-47f2-a7e2-e7184f1659fd
1b0e815f-b5ea-49e9-8a14-63cdeabe91ee,1,4f858204-df4a-4b90-9ab3-edc19172da00
278d0cec-149e-4c1d-baf9-6c48a1dc20b8,1,08150099-e4f4-4fb3-a8da-22d79daf5075
37ca12c1-f6c9-4dd0-a7cb-f3185a92b3ca,1,3f80102c-e4d4-426e-8966-0b4f5d5fd5c4
f434f00b-13e7-4d5a-a41d-4b73a3e6727a,1,ed3bcd25-4bf9-49e0-a694-139a8823e040
4c2301f9-e66a-420a-88c1-2b094332543c,2,0c19a100-52d7-4afb-90c8-09733e650b09
070fe617-293e-4084-9540-c081d107c2e8,1,3be6cd14-e318-42bb-becd-c3d5fd43829d
d4008412-ac83-4edb-a2cf-05cc9ca9f7db,1,22ea4a70-be44-4716-9ddb-44144ca78ed2
70149d53-8edd-4c75-9965-8b80e9090874,1,b877340d-9c62-4233-9c93-b0fbb0a0a4cd
0291b689-f51a-490c-9b1a-f0d56da38d79,1,56127031-2d22-49e4-aa8b-a4a48007977a
5973c19f-42b7-4d8c-b51b-6a084879d413,1,9b4fc822-6114-4361-a91b-e1509c086c02
ff38d8fe-1a60-476a-8a52-49d1ea595a37,1,fe6b522e-38ae-4508-b0b3-c18192f2b79b
2c888391-d8ba-4825-928c-6dfee0b93bc9,1,4cc8c34f-7d7c-48ac-90fd-c2c9ba5d5402
b7afb498-1f57-4c4a-b864-23ec9ff6ea16,1,e8a22c71-4736-4764-9084-4868073e7fdc
2f2caaba-fe3d-4a79-b473-0c902e9f0d5f,1,f864de2d-7a43-43b7-b86e-cc372d3188ad
bd59c4d9-bf7a-4b4e-b53b-a31da22612a1,1,263fad5b-b0ae-4f6c-817f-a313b68c0f68
dcc11094-9e06-47cd-a086-85fe50174f3e,1,7e62b95c-7c21-40c9-b00a-39fc6a4afaba
b3e8513d-ffc2-44a4-968d-9882a5feb7ee,1,b82985bd-ae22-4057-9f98-eb328dfce6b9
3804ffb8-ee77-48a8-90ef-1fd24299a86c,1,013a320d-a711-418d-bb76-b61fe00d7107
78e521b0-3e44-4c62-8a01-35d4c60cd2a9,1,4f957c23-1526-4363-8bcf-f3ac8a927516
eccb2fd4-4210-474c-bdde-684233697ab0,1,b47fe880-0129-424f-af0a-3efd98f5f38c
7658cdaa-09d8-4fbf-92d8-c2eae05ee212,1,c8fbf289-eb9b-4824-97b4-d9d99f58923c
89988446-54e7-466e-9b7b-7e5ff5ee7827,1,380ca0cf-9bbd-463a-9cd6-d929089b3089
d5ca1091-3659-414c-97f4-b4ff644360ee,1,da538e63-86c3-4f17-a3b9-bb9ee2390704
994f9d77-3427-48ab-bede-c6844b8a8fc8,1,8efb3c45-cc5e-4079-9566-4d7618eb15ca
389b467b-259b-4ae1-b954-c9e6f73b02c4,1,e45f926a-e3ae-47b2-89b5-653175f1f66f
c9b54238-043b-4903-b26e-8d3c7dd88d37,1,6ff19b64-5d78-4346-93d1-b9c80d37eb05
89a091a4-6de0-4a4d-9a53-6ad5fbcdd3f7,1,87322a9b-143e-4459-8a2a-a912bf1bd35b
54cda5dd-0b5e-4ba9-9181-cd88ac826e30,1,0fda1d15-e334-4389-8dd6-a9719eea0411
c8decfbd-ff6f-4583-90a7-ad42ec29bb40,1,2594809b-7c22-454d-9562-ce494894bd80
5f70bfe3-1682-4e33-b958-e7dd6f49e314,1,f82c4d38-3863-4290-80a3-fd488af847d7
9e681a2f-9b10-4bdf-82ca-ca75ec243c5c,1,9e0cc9a4-838a-4f7c-af00-636a8d4057b7
d3611fee-4fab-445a-aac7-589f09db753a,1,5ca63e7e-d12c-46d0-9696-a7566669b5ac
184013a0-7e8e-48ea-8708-3274277eb544,2,91b3b097-770a-4748-b254-1979d058f936
f3f584f0-f062-4d5d-8a04-c88c77bab5fa,1,ead3c1b7-33fa-4b12-9aa1-13c89830ea5d
f04fee4d-8ee8-4ba5-89a1-c61c03d1d405,2,9e8145a9-7162-4cdb-92aa-97aa66d1116f
9e8c7992-780f-4319-b7a2-c9d57b6056c5,1,347705ba-58e7-4e26-830d-5148df4b4436
3da9c9b0-f9ec-4c2f-b4c8-f65d1ff6aa75,1,0518c176-3bf3-4f8a-a250-f24805681764
38a0cd2a-b7e7-4d0a-9b60-c4eb1752c793,1,21a93299-dc87-4c2c-8d49-a7fbc7e119e4
037f7b34-5088-45d6-a0e5-9683c0118658,1,ef2f779b-ac81-474f-84fd-9cf80df32ee6
6c260e5f-f28e-4008-af6b-e4b24d7a8b88,1,573f07bf-2156-49d9-977f-ea2a0d78d234
619c9a2c-cc39-4fdf-b671-eeb80884c453,1,0865396e-86a3-4855-9b6b-882b3b4af347
fde48e6d-e46c-4162-9670-b3a977d7a729,1,65f55f57-eb34-400c-bdc4-f917c401d79c
5e60d066-36db-4893-a29b-e9a9a68cf8a4,1,ad5394dc-a3d2-4306-864a-1b08cf84d2fc
e4a1a9de-0bd9-4e57-8e95-9fc92501c8b1,1,1462f56f-ba6b-4c3a-a7b3-0bac63f5fd9b
5005fe30-f0f1-4b53-9c4a-f2419037fc43,1,204034c9-a15b-4a2b-8e20-405d085ac4e3
c43d7a9f-84db-4426-8f06-941a2447076d,1,e893d686-14d6-4344-bbbd-66ef1eed2773
12736735-a497-473d-8dd3-6bae29d5eb8b,1,cf915563-2cc5-468f-a303-27c110c8c49c
6c2f0072-9e02-4e58-9c46-ef5225308962,1,77157f08-43d7-4f32-a8d6-60c207cf0b46
d1b259d2-2c4e-4246-a270-5b0ba408026d,2,650ca6e7-f8de-4db1-b96d-d8f35a0b0428
e8b8e222-91fd-46d3-831f-a0bc064c938a,1,bf0b07f3-f1a9-4edd-ab08-24091f341938
955e91ea-04c5-4ee9-b8e6-09c7ac7e35d0,1,e6ed7516-736d-41ba-aad3-d177a1ecf126
461e9e2b-82b7-433c-93fa-5cd453cef85a,1,4c72029f-f784-449c-9f9f-72456801559b
d957495c-8312-42a2-8c35-c9122534aa75,1,6d0143b1-6185-432d-b04b-353a2a8fb188
00a613d7-e227-46a3-934e-1ecae19e01ad,1,ad3e5f14-ad5c-491b-b5aa-714c49fca782
6985a161-c0f2-4112-92a1-b38eb1736a14,1,1686c4fc-a91d-4b7f-a0c1-2e00e90b64da
0e9097c0-2936-4822-81d0-5232035e0ab6,1,ef16e402-032d-4825-ac10-956e14d50dc9
37de61d8-dbf8-49fc-bdee-ea3004480beb,1,f9525837-b84f-42f2-b281-ca8530a05642
966803dc-a07a-481a-8a56-544857d24ebb,1,70931106-43a3-4e38-bdf2-2c669a0acfa6
034ae374-bba0-45fa-a80f-f4e6a06cc5af,2,b45b7ad0-0170-4b0a-b08e-cdc342d65b6f
2f7dbabb-5dad-426e-8658-3b118c0fdc6d,1,f0e80a3f-e8d4-48bd-a89b-fd98a4dfedec
57792e70-215f-4fef-9bc3-e44a2187886a,1,984a30bf-adb7-4595-8552-71621dd3a72e
aa526b6e-c402-44e9-ba59-1c1fa15a4d38,1,02541cc3-3b01-47af-bbe1-9eff8d23502e
c91a735a-de31-4a85-b2e5-584a98dd6159,1,13d1d145-0b0b-40ea-96ca-47418c114787
43e71cfa-5026-43f3-9d26-e7c6e95289b9,1,d3f14d65-8e9e-46b7-baa7-66deb72ba597
e647e0e2-e5fe-4c00-935b-ace92554e737,1,a5b63416-fe2f-4a99-b194-22488bc5130d
aed1ef55-9051-4621-9154-880a06268f51,1,021795ed-b189-4831-bb50-1c14f615ebab
9de577f5-82bb-4434-9204-a00eb6f70272,1,6eb59545-fc60-45e3-b495-9d2c2534b501
80ac88e9-5f05-4256-b97a-cc5541e1ea47,1,01a78d79-87ce-4b1d-bb8c-00f2f28669ec
7802b822-c502-40e5-9e5e-69498a6b42bb,1,f9ed8952-e441-4136-aa4a-d40d779d0bcb
a86c0136-0257-41b3-bdbc-ab194f6114bf,1,81b9313c-0bde-4c70-8128-ad76dba264e9
559e92fb-d833-4707-aa88-95a34084a039,1,89c4dbee-ba66-43d5-9879-99dbed4e794d
c464e15d-f586-4c5a-b1fd-8fb6fc8d133b,1,3721a2c0-b993-4119-ab23-8f0a72519319
35ceab1f-40fb-4465-a8a6-35fd72a00e1f,1,f9a1f7b0-a446-45fc-bced-72a0d57a5d01
f8d6f398-0f1c-4b63-b090-7843ef5523bb,1,316417d9-b1f9-4617-81a0-d58d4ae13c9e
f4cfaf25-f94b-43e7-a6d9-2d3e815d5a86,1,89cbcf2b-c795-4587-8b1d-18af41fcf5ea
0c3575e6-8aeb-41a6-9574-be7b48a0b68f,1,d5132727-c29a-4bef-96a9-88c65dad39d0
31e058cf-6841-4cd8-9880-f77dfad3bad2,1,82f33c43-3b91-47bc-bd0f-9f8d3f75b552
b0ba3a34-a0ce-4e41-b5d1-4200c4ea5abb,1,d9dae5ad-ccac-4402-a37e-b21e306dc0ef
79421738-fd38-45fe-ad11-42f78e2a8886,1,ab199817-2702-47ed-84f8-6617e3299721
490b1fcf-516b-47c8-9c24-3bc23f1a76cd,1,a9d89f88-a4f8-41fe-aca5-5f920c3a9a67
c8d05e3f-565c-4ac7-85da-c1f545e46424,1,0c265c83-90a9-421e-bb9a-dcc4ff65edb3
ef7f4bc6-5918-4613-9363-7cdc4583549f,1,7c17a90b-ed24-4601-a2f2-7ba8f07980f2
9b414381-806b-45b8-93b0-4140164da6ff,1,5a780dd1-88fc-48d4-89a0-eab5a078f8ee
6ade4a30-1c76-4dba-9de4-9247a4debec8,1,778b9ba6-e544-40df-8537-dae273873f86
c782b084-d7b9-45a7-9fb0-98527817b2d4,1,d10c4cf5-47fa-4860-9174-29e25f6de5fb
e2b62715-4638-49b3-bece-b3d82e8fb2f1,1,4cd98940-f327-4f64-a119-8ea008ea8b1b
8a00a848-6bfe-4ec0-ac78-63cab46b6d6b,1,1b559c4d-403a-4508-9b94-3a7e7cd5ed89
dbc44dd0-bb53-425c-b836-ff69cb5662bc,1,fa681628-7929-4de7-9212-dc74c2dcc148
93cb9461-7de1-4ca4-a6ae-a370ef09c2c4,1,76e3f224-e287-4da4-99a9-16c5cc0f173a
c5115033-fee6-4374-9edf-343b6656e8fb,1,3d76ac84-2248-41bc-8bcb-9ffa5b3e7361
cb16a90c-d0b0-444c-91b9-f171fc5e6cd7,1,1452663d-d4de-4479-954c-f018b7a2f62b
3040ebe5-f237-4b42-9b06-447835e72f02,1,eeaad2ce-6505-48c5-90ad-c3c613477824
ee0cddc7-3e54-4bc9-9afb-6932af76085d,1,af890513-b5a5-4991-98d3-5675a2a58e74
bd68d5dc-0138-45d0-b69f-a7a01108e5a5,1,03c72102-a34b-42a8-b873-2b74a324c710
b5fc4a9d-c5f6-474c-8ae7-7a7f5ba21fc2,1,952f8ba8-1dfb-47a6-8805-f75c8623fc7b
637021d8-9d5b-41a0-a10c-59495b3f369c,1,e726765c-47bd-4938-a009-710b9ccc22a6
41097d14-7358-4596-95a6-0bc4e2acc740,2,aa7f0335-5b89-498b-b264-0f689f54e6ea
02477e42-671a-49f3-b44d-74a1e69b76f1,1,4d0fd00f-7272-4181-a8c6-8d1727aed3e2
0d43dfa2-e09d-441f-9e3f-b2fce2de29f4,1,0e24c946-e85f-4ef0-b031-a2cd163fc332
b369878f-1aa4-4106-9193-f18d39fadf9a,1,f5f39b65-04ae-45ae-8176-29d3b31e4d3d
fd1b3471-a224-4798-be3d-81b48b6a77fc,1,21a81e70-9077-4ffd-bfec-5211522b6e9d
79a9ea14-4139-4f3f-8d11-5e7aae89c893,1,aa9461c2-54bc-422f-b330-39019ada3049
931ac7e3-f380-428e-8523-56da19f5bf95,1,f796cdf0-a422-4655-9374-3fb99a3ab9b0
ab965aad-ea6b-4201-b445-137e28cec0bb,1,576edd50-43a0-4912-91e8-6087765182bd
8ad5628f-5cd5-47a4-beb9-ca1c080fdb57,1,45fd1638-55e9-49ad-a36f-d1283800f515
1a288670-f5e6-49dc-b2e8-af860a67fe0c,1,090c92ac-c9f1-40f5-b43d-47ca3509a8bb
efbfdd88-1881-495d-a5d2-2a98d399a37d,2,27ec7c13-13a6-4507-ae43-fc21aa6a487e
6e5f4ab3-9a80-4a6c-8a1d-07cc319e9f0e,1,858c5de4-993f-4ae0-bc21-c6bd7554f89b
68c22203-ce65-4788-b255-bb385352ce54,2,fb9fc6bb-ccd2-4177-af07-910316189da3
1a047864-498a-4cac-a045-d35200cce8d9,1,6206a5a5-d3b4-4b74-b2ae-819c3818ff6c
0081cf74-ab6b-4b89-aa4c-8b495ac24028,1,06633b1f-2eeb-4f64-bb88-8538e8802bd0
38818c0f-788c-47c9-b8de-b4cf9a3d3e26,1,8894e319-f502-46ce-a5c0-1eba814c32e9
0c1938f8-5b70-442e-8db2-f3efd90e6bce,1,d3db98f3-99b1-4866-8fe5-cd4dbbefa5e8
edba5315-55f3-44da-b45f-f5ca352b38a1,1,4959377a-9ff2-4f68-bdd4-6bdf62357ecf
8030cd98-79ae-4388-a0f5-47629b6c04f9,1,0cec9add-05d0-46d6-8680-12b2432f0c6a
dee9fbbe-878b-4a0e-8e1b-4e2db28514e4,1,829eae64-306f-43c5-bc37-994096434aef
0ba000d3-3862-4106-8e8d-5a970dbedfb5,1,aa7cbb60-a4c4-4398-905f-b342b743b427
e47ebe46-3c63-4a95-9c45-87b766602b3b,1,d9178fa1-c7a3-4b5c-8f78-91a8ca03f794
1c3a5992-87e4-4bc4-93ff-957a627f171c,1,57e19eaf-7c12-4395-a52e-ac70f307e994
037ca8ff-511f-4c85-aa1e-ef2e2b861a7a,1,096cd4be-7eec-4893-9af7-42d6bc5954a0
9ef44486-3ae6-4c7a-8bcc-69c3c6f41627,1,2d0d57ab-68de-48df-a7bb-690af9e66ea4
b3d7ad9e-5688-4cfe-8e0c-19f416cf827e,1,9d20ba4a-4a12-4a9d-94c8-97ed8b8b677a
232bf1cc-cf7f-473e-ab5e-efa95a60ddf8,1,879d51b7-817c-4330-8a01-442e24caa344
d77feed9-4871-41ec-97eb-49d1ea75bd23,1,22494db9-ba14-4b56-9125-040da2c1ba1a
a70fa368-56f4-4cc7-bec5-14714a076ae4,1,918e15a5-098f-428a-ae43-ebdc634bb8e5
ae6ea2fb-e457-4668-8304-5d2b28b314d7,1,4cf9c2b1-7383-4c88-ac46-f23a1c998ffe
57870557-ef45-444b-b75a-443ea7bdb4ff,1,b7bb97b0-93ab-4a30-9eff-554453951052
8b73e73f-2780-4152-a4eb-17438eb236c5,1,e2d6dbd5-7868-4566-ad4e-a438ca48e2b1
60a39df1-45df-41d9-aa9f-1321392423fb,1,ea74766a-6bb4-4828-a3f3-19b326b09886
28e3b32f-6d45-4213-9722-9b98779caa06,1,5558bcb6-2e0a-4f90-ad59-9a01289c337f
c30e80a3-830a-481f-9543-c839254db21b,1,d547b0f5-fd2f-4728-8acc-d9daddc2785e
1dcefa78-f5f4-40e6-ac1c-4db3f6a864b7,1,10d22839-e1bc-44a4-9733-cf4cf778f26f
99620639-7ca5-4783-9727-1a5f49d1bd34,1,df4e59f9-c2ad-44c1-b12a-9eab75914760
c7caa74c-ada4-4b4f-8605-ae2587702d38,1,accf99e4-6223-4212-adfc-83e8a7311b0a
4b86f2c0-c4b7-4d89-8772-dc44ee087c3b,1,d64a41e1-26ab-4547-ab74-55e3e97778fe
27c4acff-4714-4481-8814-acabdac1e8a9,1,e94f25aa-bb87-465a-be9c-9eab40a68b42
85b01267-3580-4f6a-91ee-a994c85a6c64,1,889dfcda-659c-4b05-ae77-656de27db95f
0660d914-0831-4e39-805e-e88fe32615b6,1,74409d0c-337b-47db-835b-803b34199760
8d16da29-739b-4e70-8c4b-415b0a60ed09,1,a22ceca4-5399-454e-8c60-b97c5ab1dc3c
b1488f53-5fc4-4cce-95e7-518591c40497,1,f0f4a4ed-99b8-4c9c-834b-c5bf7e797f5a
50aacb0f-aa2b-4003-8134-5a419bb51340,1,e51ade9d-0807-4582-94ff-52212d8d6756
b02b6a74-d238-418f-8b1e-f665021ed721,1,c943daa1-be2c-4ec9-8b17-5bca7a73571c
39eddd53-c2f0-439e-ba1b-50ee3d11d426,1,b90f2a6d-c6b2-4791-91fc-d63c205dde6c
d9a37fe8-7f5b-4db1-93a7-871c6e1cf33f,1,226027cd-417c-4eb4-8268-386ee9d3963f
89eb003b-f5fe-4fb3-b109-ef7762db868d,1,0f3aa0f1-ea69-4e00-be01-877404a20c59
d0a91c4e-e587-4d6e-b100-06002b095ec3,1,dd37faf7-59d2-4e97-93a8-98198154ab75
b8fb29e0-544f-43d4-b75a-096edb4df4d5,1,b2379a3e-d102-4820-beb0-b110a249d7a1
05181129-1bea-4a7e-9aef-9df99cd0c31e,1,252f0832-79de-49a6-b28a-c1c4bfc2c2fb
898b206e-e9fb-4b92-ab78-fcbd85e0e5ce,1,32df6924-5d92-4401-88ba-ec71e7bde8a3
555ac73b-b2fb-473f-880d-6d7da44e8596,2,77dc909d-5d07-4208-881c-a4ecb6fc4b8c
7dce82f3-ec21-4cc3-9137-354e4fdf9098,1,abecef1e-63ed-4218-87a4-5b5be64e0160
881bfd52-1721-41a9-b589-7211b706d210,1,97071e65-5705-4cb2-8c03-3a0f492109a1
890f98b4-8d73-4a55-ad66-c4001ff7ab62,1,b2c21e8e-85b9-4440-832e-5ed756c906dd
9f2f1091-001a-434f-b0a0-56137fd72a35,1,95373324-b9e2-4dec-8969-aa63551801b3
d3980579-571b-44f4-8a0c-2c8ba86e106d,1,c4344086-f950-49f1-b9a5-cc512bf746be
3a2066fc-418e-4dc0-bdfd-a3ec2f01f1a2,1,aa0030c8-d408-4a7d-9db8-ac7200d574d3
88cb1e50-558c-4b05-b8f9-04b0872eb97d,1,42a5a995-3a55-4958-ab86-b5ad5e058785
8dd1064d-41d4-468e-83ca-04fc16665fc4,1,48bf6fee-0f4e-4124-98df-72fa65c48137
028627cb-9896-47a9-961a-6a1e68af5833,1,bc2754e6-2904-4bce-b6d4-2cc9c7b2e482
5d293caf-efdc-4242-9c24-8e1fa9fdf70a,1,3e227aeb-c94c-49e7-9391-d24a69ae98b1
af26fb7b-a291-433a-8025-e4206f2971ca,1,0913fb8b-7589-4db4-be93-c706fd40dff7
7df88074-41fb-467d-ad79-d775f5fc4e07,1,ce7146af-8b39-47f2-89bb-d9269057fcba
028af6e1-beba-4f60-b365-5be6c631822c,1,9e202686-2f3d-443d-a84d-20aead5eeed6
6e2e7574-b9ab-4ca9-8579-1db63f0d215d,1,9f79a9e2-57c9-4738-baea-c62a5bce6339
a1f4bcb3-4506-477a-8281-31a79fbb7b93,1,2c5ec704-c7dd-4da7-8181-92d32ad1a9b0
75de3f57-307f-4bac-ad6e-97216dee6d5f,1,e44ae153-f8ec-4dad-b814-cefa54dc4714
d3dd6e60-e3c0-4c52-a61d-315925cd62cb,1,fbcb7bf2-81af-4b63-a33e-f2f31bfed4ac
01ac9a06-95d2-48c9-951c-a682d1af3313,1,a8b7800a-e78d-4ec3-b041-cc7363acd3e5
335b1cdf-e766-4027-b781-8c834dab20c0,1,42ececfa-9132-4621-af44-565416574286
a82ba409-6649-4347-b895-b303b679eabc,1,10a14e18-69e0-4baa-b05b-cb90f6cc8d1a
37c360f1-7661-4717-8556-2d5763dee5f2,1,eb267822-d80c-4c7b-b1ea-b6119a638a33
44710a9e-72e7-409e-8d72-3d6f7c3d27e8,1,2e98f0b8-5834-43d6-b8f1-4d805c2765a2
736fdda9-5abf-4c1e-87f2-6121558ca22c,1,fcfeade0-c45d-48c7-863d-de0c74f22d7c
c38371c7-60f6-443f-953f-e5b41d0f60c7,1,baec7227-d20d-479a-9b4f-2e3f17922c9d
2c57db50-4a09-4864-8501-5350ee98d7e2,2,4ec43bec-7a62-4795-87bd-56b2f3377716
471dd1b7-088a-4f88-8935-3c610d63dd6b,1,10dfb867-a8d7-420a-aae1-29809f6f6321
7c19a130-e4a2-4a06-a975-f0f0e68b9519,1,a84ab9a4-d1ec-478c-be77-0486e6d143c9
0d5c7654-b30a-4f51-a233-146d32955dce,1,254d7652-ab69-4949-8bf0-589794c93707
a5bd2251-33cd-490e-8d65-18fcbbe24e99,1,1fee4d11-78cf-4445-b49e-41258f666636
46f5d190-0ac5-460c-8d89-304261cc10ea,1,94359ead-b2be-444a-bebf-166839054dfd
c6123531-263c-4e64-9ba3-0c20c148ac46,1,a349ca3b-4eee-4b7a-93ea-23ce92c96fdc
d4c4ea73-cb97-4c9e-8ac5-94cf2c7bc022,1,49d2c078-1816-4ff2-bf9c-ed83992f7647
9bd3df18-6e07-4d0e-98bb-f8705de75845,1,db39a86f-0029-4106-950e-16496e0ac500
fb1dd0f8-74d9-45d6-a467-5880ed94c5c4,1,b6729736-6975-4259-be4d-df342d63148d
460449af-3bc2-42d8-a824-10cd64a8e4b8,1,181ef237-ba5b-4090-b2f6-da5002ef81b8
bfaa9038-2c9e-453f-b5b1-91a1b7315395,1,18e8544f-52a7-45f4-a24d-7f64c42031b3
48146977-1b67-4a39-804d-58062339af17,1,e5ef810f-4f9c-4e69-8caf-582bf888db7b
1f54316d-9eee-44ac-974f-6a0783089910,1,cc0aa10e-7b4b-4b7d-bd61-4388608150c8
c7630961-ccdd-4f2f-a312-371ac0eab296,1,f2d9a864-869e-4c7e-bace-81c1ad7d88bf
8df87f9d-a532-4077-a767-fbca18f1f98e,1,acef91bc-e0b9-4ad3-821a-63273e38715e
309b3b92-0e7c-436e-8e70-74e3b96d57e0,1,38df3a0d-3288-42f1-a26d-da5040dac912
8519caa9-d086-4756-8bb7-d35f4176ac72,1,e8e41d15-ac9c-42a4-8e31-1dd5529107f8
db4c0c08-6562-4143-b8a6-156a6ef89db6,1,be5136f4-c200-46d2-a9b2-445f19932994
609309e4-93b4-401c-9681-abc9665637f5,1,354d59c1-c555-47da-a984-f687d8e393f7
d6bde104-d321-4e61-995b-4e7e6ea65022,1,a35981b8-d95a-4a9d-af54-8acae8acfdc1
c92f9463-bb6f-49f7-8835-f2fb807cca7f,1,f73463a6-c83d-43f8-8be4-601e8cb25789
b487cf60-573e-4136-993c-25d13eb12c6c,1,e63c6109-f465-4f48-978f-73822615bdea
75194315-ded4-4d51-ab02-4243a08c2aef,1,b8398447-ba2c-4ad8-9d8d-d0cd624a910e
eb564f4b-220d-456f-ba51-1c70b1ffa3e7,1,df3aab15-5718-4a5a-9466-e3aa0f9d4a39
3ae9f3a1-4ced-462b-9ea7-675dc30ec0b3,1,93f06b73-cb35-4751-9110-3c84b7f5187a
73d2353e-0434-4550-b413-0740da58059c,1,580997a5-cdac-443e-a6c9-ce88f5a196bc
8ae8e764-7503-4d84-911a-b03015126654,1,8f4318ae-5b5a-45e9-9713-c57565b264bb
c92c84e3-52bd-445c-97e3-dd4496459fa9,1,faa032fa-2a44-4f2b-946b-abbd5d918fd9
25f696d5-e220-49c3-8a8b-2b3fb82673e1,1,894f0274-9a4a-48c3-a3fd-25f8fe1d4733
c81e3af8-ca02-43c1-a193-cb85905509ee,1,29cf2c61-b770-4043-b7af-b147d16deadd
6533c5c4-df93-4c36-8143-3c2205b41db3,1,757013db-4b30-4db5-a7f4-bfd2db478007
4100fd71-7be2-4a2a-aedf-65ab71bee94a,1,4085f539-bfee-478b-b734-e697172cd9f8
29aa43ec-2ca4-40be-969f-83739843fa54,1,6f632195-6163-4598-88f9-927c45f8a71a
9643ccb4-46e6-45fe-ae6e-d17f1ae0fef3,1,2060e001-5ec4-4b00-9aca-5d7493609376
d2476810-3cf5-486d-9b61-e1da810b2dec,1,67e13a8e-fa10-49c3-b2e2-9d9f413faddd
2b50aefa-3d93-45e7-9554-c46bdaca7b1d,1,1a4b672e-6c83-4646-8205-5ca4e4a6fdb4
15f29c33-7f9e-451c-a22b-bb7afb54e706,1,b33bc250-8a26-4cae-a21a-01e74c767aac
c9d09a3d-d168-48d6-b490-dc86cbd0bcaa,1,8dd2d4f8-af73-42d6-b91a-3f3389c5eb0e
a88a2b6b-c517-4148-830e-d7ae44aea358,1,033977b7-2b2c-4aef-9213-dd89b1a776cc
ddb0176f-ae0b-49d1-be56-5a2b6b8e468c,1,44e28774-0d7b-4d5f-9da9-d53716575c68
28e75682-f744-4d42-af93-44b6f26a192d,1,759f9d51-be2b-409f-b4a6-ebbefb8c663e
5c5e0889-d04e-46b9-99ce-610820ef319d,1,e46bb94a-0871-4c08-a326-2500bd11940d
d322fd48-e8be-4bfe-bf7c-23eb1f2289c3,1,4f35e27a-90f4-4bdb-be9b-1405d83da83b
3184f636-1aa6-4d0e-8f6f-4ab5ae5c5153,1,0fc109cb-3b45-46b9-b22b-637632a300a9
80f441e0-6699-4075-a046-ff74dafaf454,1,72dc4ce9-527f-4c2d-9c9e-b022ffd16d89
22e23cbc-d3e2-4695-a609-3c4ad51581b3,1,6c8aa40d-5d61-4a05-af30-81dddceb3338
964e1343-24c6-47f3-81bd-32249a976b08,1,a3c53ad9-695e-4523-ab19-46a95598b889
b7961d5c-43d8-431f-a71b-cbf11029f869,1,b5c43f1d-e586-4eb2-ba63-47fccf04097c
39a94639-b3ae-46c1-aa54-84102cd3b813,1,eafd2ad7-e2fb-4924-a539-6b9377ccb33e
8724ba80-264e-4d80-883f-07429f11c990,1,402de0f7-dc29-4a08-9ef9-f2fd1fb584fa
40a281eb-6f09-4d5f-ac7e-16ea7a755a50,1,9a2eb258-3b76-48d6-bb3b-477283f257e5
1615eaeb-099c-4f5d-8795-fdaea216abda,1,90a61524-9a50-4849-aba4-aeec983cfeab
932fda6d-a113-4f53-84de-f08d0032f44a,1,77c49707-c283-4ee1-bea8-77303f656d68
66fbdad4-5ce4-4a65-a3e9-83f410faf7c0,1,67316603-9f7f-41a9-835f-79f8f84ccba0
a4b541e2-539a-4fc1-8f8d-befaf2566a31,1,2ba4203a-d0d7-40af-bf38-8a49a3cf3242
61d1b3ad-db70-4ae3-a880-1f8736774d95,1,c84ff040-a413-4a4d-a087-f280ec31a907
dc4df5de-947f-4356-820b-435b4e792c26,1,a659c75f-e139-4615-88cb-47fa87c1bc01
7c8c739e-787d-4a51-bbc8-0484351fb389,1,dbec92da-d8cb-48c1-a3da-c782a047af43
d76974e2-0c30-4303-a50e-97f02f9203d1,1,a2c2e6f9-7561-4c0e-a445-e86121a9dc1a
e9f6c2c7-cf09-4a55-9837-9d76330d718b,1,491f4460-052a-4238-8ee6-b0d9aab15c99
0043a730-a566-4459-a2f8-f2f7a085aa47,1,cef8666a-2228-454e-a362-de1af584fe96
f11c4af2-363a-48e2-bdb8-fd3023867b8c,1,158b3409-b5da-4150-baa4-547199ca6354
9157c03c-1bb4-4fa7-b5bc-18c772be6e5e,1,f5394586-f077-46ea-adf5-26a4d793db79
7effc18c-3206-4430-9c82-978cc4fc04c1,1,5366c07d-b93e-46eb-964f-7f6689729acc
dca82fc7-29f0-4fad-adb9-1b0b878261e6,1,bccda8da-eb12-405e-850d-26c8cbc418bd
f36e8e55-6907-4fc6-8d86-05f5d5901e70,1,3c239bae-48d6-4e51-a93f-25b295adf339
6251e48f-3955-49ac-9252-eedb6c255780,1,8d332505-bdf7-4a70-8da9-059063a6adcf
52cde649-904c-4b54-95af-4d4134ed089e,1,fdd84f6e-1ee9-4d9f-8df4-49f836e7b2ce
2f9164e1-5b6c-4a8b-aded-44a40e3f0a06,1,698f6626-ea78-4d0b-9432-124d7ec3d606
b7df0aa7-605e-4165-b939-348f9c35b4e9,1,f5fdbb04-619e-4208-a5da-80341e09f5f1
91c7621f-c305-4f99-bb0c-8e7da7dcda89,1,0a2fe97e-59b7-4355-a2c8-1957defb51b9
a88faafc-1a14-48eb-b875-c1e0a8324778,1,1eaa5f15-51ac-42e8-8e41-7a4c913ce1c7
4a90f032-deec-487b-9f65-d4836507fead,1,e23f6340-45fb-4fa4-981b-c0a861b56d79
48d1955e-b24d-495e-820d-ad71d9e47b91,1,4ed68d3b-7736-429f-80ca-f9e061a5f316
afa9caea-b19a-4ecc-b5f9-8fc90c96dda5,1,1951726e-5c09-4b7c-8997-1680be9b0003
18363ff7-c144-481b-8a7f-e1b8cd1963b7,1,d1047217-e25e-49d5-9248-d8b9f3ff8e28
934619ba-7194-413f-97e9-6e0c432d3540,1,75f046c4-cf8a-42bb-9199-647773da6621
0aef9da7-927e-48d9-b910-013169e38af2,1,178e74d5-26a5-4485-b970-eb111050773c
11e4a245-c9f9-4dde-9330-716638c0b110,1,ae0ef5b7-8c6b-4dca-88c3-26a43aa0883c
3733be7f-7d21-496b-85e9-cc1bae2f4e5a,1,1dbd0098-b5a6-4a34-80c3-d4c9d9f0cf48
745aa155-0178-48e5-8112-02dd44820682,1,f8324554-7e67-48fb-8e81-c33cfc422acc
3fde0974-154e-41e0-94f4-7389ada7f256,1,26dddb85-105c-4e85-856e-fe71b7192703
96c47924-58ce-42be-ae2e-9eea52446382,1,ab64eee9-aef1-4545-904d-cbd1ef265bbc
ee69a6f7-133f-48d8-b72c-eb9af685a152,1,6fa5197a-b8c7-427e-b1d3-3039a18f23da
c4c9ce80-e4dc-4ae5-b4d1-6b5ff2b09b40,1,a7455f9c-e2fe-4737-a2b9-c31d664b60ea
804fdb7b-414d-4b61-9ad6-50c2dbd0259f,1,2593fdfb-acf1-471a-a2e2-442653f6265c
4e644932-45f2-42c9-a99a-15ecd3d66aaa,1,1b734274-bb76-417d-8a8a-d153a6849384
8865e09f-f471-4bf7-9c2a-0ce15d289f45,1,b469525f-1ed4-47f5-a6bf-794e4caffe13
6f09d34e-bcc6-4126-812b-b5371418f59c,2,650509c6-c83f-4079-8bf8-bfeff6ab3663
311d580f-bdee-446b-8693-a9ab9bda84c0,1,a366d0aa-0491-4b53-a016-7bb735942b26
dd8c18e7-10be-46a7-b5a1-e9f8b450b6a7,1,4a24e657-1fb0-4e2a-8dc1-9bb41127de51
92709818-6b18-4c5e-9166-3c96cd8dd17e,1,b56579cf-cbd1-4faa-b750-f657ddb12b1e
e238e145-4437-46d7-873c-e22b22afff2a,1,32870d74-9a47-4428-bfdb-30dc0327c9e6
4d91d084-45c2-4c98-be48-6d722827ed56,1,ed5c5284-6174-4cdd-a7db-6964a9ff9058
952d55b5-ae9b-4b63-86d9-050218156489,1,f1843c54-722f-4ef0-b8ad-74df8d35383a
241fda83-2fa9-4dad-bdbc-0b709f87d19d,1,267e70d1-b1ff-4cd7-bfaa-8f0430455e04
4051c861-d480-4859-a4a5-3aae904bb3a6,1,1d2145e2-986b-4423-b9f8-2e90e653fa22
2d24c0f8-0221-46ea-9edf-42b94fad97a1,1,39546e94-bfe5-48e2-912b-e10c96cadd5a
1e04ffe2-ba1a-4296-9bb7-89a4af899db3,1,265c2986-8db7-49ef-afe9-2a80ad1c7626
8c1d559f-ce26-49a4-ae51-2c4fb5221121,1,39df8edd-ee8d-4db5-8e2e-79df49dd90b1
53d2d4d0-1594-46a8-915b-399f1aedbb6d,1,8e31620b-5635-446d-88d6-7763f30438c2
72766689-479f-46fb-80bb-6c71219ebe66,1,504f4e59-e582-4929-92ba-60adcd4af3e6
91a91d7e-ca7f-43f8-b090-cd3a867dc059,1,eb0a3f22-41ea-4d63-8934-86080556fef2
d0ca9b64-173c-4bae-a758-0369dd6ff587,1,2b3a6034-7b3d-438e-bf5f-47cf20699c91
beb552c7-2e16-4119-a83b-39a6dc5482f0,1,2835e2e1-aa6a-463f-97be-5d632071b385
9e8efcb2-15bf-433c-b2d2-a9c45919eb21,1,bcbd5605-2097-4148-b258-c42a7c949470
626690e4-83de-4a35-a63a-30dc4a0068f7,1,d34753fc-c01a-4987-8c3e-f640506782ae
93b2f160-ad02-4633-ab62-8662d547befe,1,220d0c66-27bc-4fc9-bd2e-0c4a16546d38
81873e2d-5b21-4a7a-958e-0194772580cd,1,3454d452-7e00-41f5-9d87-adae33d61dc0
7e1b6dd0-593f-43b2-8e51-bb3fbec75ea7,1,d0444148-95b6-4b49-b97a-2b05606dc665
423d6652-c8e7-4663-82f9-ea205403c7fa,1,0c0e82a8-f1f3-45b4-86b5-0e56eb89a386
de03fefc-27d9-4e86-b118-b3972f488a5f,1,d5ffddd0-ade4-4109-8e52-4b067b79b5fb
a332f25b-bfb5-4efe-88e3-ee4046c30340,1,8219729d-5d21-47d7-8fdd-9f23aa918000
89f60d6d-e710-4452-9cd3-ca508a2d6fe2,1,ffb6a790-a139-4a24-85d1-c358dbdcea26
8a1f704d-b7ab-4912-8228-baddfc75d533,1,50d216fd-8f3f-444c-915f-e87b6710d18a
6ad9cae7-4b76-492d-8230-a848b10264ae,1,33cc5c97-1a40-478b-9220-d4cff289d462
e4388bba-29e8-4929-afa7-aa963c11eff5,1,6e875c5d-face-4923-8eb4-3ee5e4516b93
037fd85b-cb2f-4abe-963e-45e2d7d6d38c,1,2a39dc88-b3bb-4c6f-80b5-7163d17bb31f
bcc1f658-bd5d-4bfe-b477-c7006dc22353,1,51af11b2-1ad7-470f-b442-8f1f36359881
b52e7932-64f0-4f46-bb51-7569edd5db7c,1,694e87d6-4c63-43bd-b0d7-8e8584b116d9
19c57320-fbb2-44fb-b4c3-ecc420591c6d,1,ff4220e6-3b9c-4489-b6bd-b27a8beb613f
e33e8e0a-7120-4bed-9536-0ce19a5f35e4,1,168418d8-052c-4dc6-8a04-c0232b3d2036
b9ff1e24-f75d-48a9-b5cc-f7a0d9a79592,1,b15be9b4-1a2d-422c-ae44-46801a201032
d1fceef0-c6a5-4902-92c0-90ebff2d8a4e,1,ca43d61f-4a96-4de1-b260-ec2eee056db9
8af83cc9-0cd9-457e-aecc-33770f5b0cb7,1,494e34f5-b8e3-48ee-b616-d6271f548c53
2ee3419f-9dc1-4dec-b6ea-4d4bc34af0b6,1,f5bc23f1-8deb-4986-b2b9-ce5a57dd66f3
6de6ad4e-0932-4577-acb9-520500bf012e,1,98e74233-b474-4e16-ad99-91d9a93fd745
154e384a-867a-4956-b64d-b48da6713bb4,1,a03800f2-1343-42f3-b5e5-996a7d6f1afd
2f19d821-026d-4eb7-bd17-62a63c4e43c0,1,4bb73a70-4555-48f2-892a-aa22e5239507
975244ae-8890-4659-a2c9-45bdbb1d1056,1,bfd6a4c1-7204-48e6-9f46-2073753d622c
a56a4348-771a-4a5b-9ffb-0ac4fff3ebd8,1,26550575-b2b8-4d99-b793-a4d30caf8e1c
51709296-5d36-4891-b159-76380a6b68e5,1,99085715-2c59-4a64-8926-d52a02ee68d9
ca70121b-c628-42c0-ba0e-51eda0f0dd54,1,1f80cef9-4fea-46d8-a1ba-d70a57108403
25736d45-504f-4255-878c-fa3755413575,1,25ed9510-b357-47cf-8dab-956cefd71914
a50975b5-ad89-43a7-ae89-57ae4426960d,1,6bbd7450-b9b5-4d74-b3e5-2ec5803326d9
8489d139-d555-43b0-a532-e949f068c9b8,1,22adeb01-d0ca-44ba-8bc5-60622915c786
8ba35b5f-0624-47d6-bff3-189832e552d7,1,b66d6327-634c-4810-99e7-c6368fd0087f
0ba02f30-d4d5-485b-a34a-4faa934a3dd4,1,27a690a0-fdc6-432f-abf2-63f5556318aa
bfe4094a-20e8-412f-aee0-111d9a2cbbf4,1,5cb98b69-27e7-43a0-bd49-13c75a40c47a
82291d2d-c4cb-4c30-8162-eba4e83f5d3d,1,13664a8f-21bc-45e4-a6a4-ba4d033dcfc0
5c27bab1-4471-4b38-91b0-429229586f45,1,9f9d4177-914f-4d70-ac62-73788e6306f4
3399dc0c-d49f-4010-a2f4-3ca8dbc0e95b,1,3f02417f-0640-450c-9f10-27f81504b84f
54f9b8a3-16ae-4c74-b724-4a16a39d6b89,1,221219f1-7cb5-4798-9f60-816bdd8fd398
76cf62c5-43ac-4cd0-acb9-155cbf454b28,1,c583889c-e770-4a72-b801-01b1c682eb2e
dde81e7f-05c8-4803-b38e-22611c1c8e62,1,6d4e1c5c-8923-4d9d-ad1a-a567cb188f05
1d9e8fed-2913-4a42-9587-48877fee53a8,1,a70f971e-c185-40fa-9b92-47874549c23a
2944bd04-f7b6-4f4c-ab95-cc7e2df77465,1,cb4dee84-1391-49f0-ae10-dfde03fc84ef
6e8e9ab7-b255-4bf2-9759-d840f2c8f8a4,1,c3ea045f-1636-4a1d-97a3-bfb056c92838
cf7e9e95-3344-4195-9d68-97df2ff2c329,1,fe75ef36-4c34-4971-b4d9-8b89c1d6a026
ac576ca3-9db7-4c21-a170-cf5fbe43b03f,1,5d2deebe-6b7e-4c73-9f03-ea8feac7b66c
ac420b61-2a9c-4a83-b507-1619460c0182,1,5bf0e96f-281e-4dbe-96cf-8a9b36cdcb0e
e8502543-08df-4d23-a046-5c32b81f15d6,1,1addc3d6-b888-4a77-8891-9a7499b645de
a3669329-14f9-4d83-8a0b-969f476ffffb,1,8aada9b0-1285-40e0-b6c1-bff5f3051fa9
430aa63a-52ee-4432-a241-894532fc4997,1,1729c6c5-5252-4e4b-b23a-cf72d5e0da35
3100f2b1-c061-4d6a-9d87-4a1971b9b7a9,1,3e725139-6e5c-44fb-a70e-733c593b188c
3b27ad0c-7a2f-4e3b-b14a-1231889713ac,1,4b741594-f7fe-440f-87b6-5c31807314cc
44a4c804-5d7d-4471-8186-cebefb7bfba6,1,3798c78d-1f94-42a1-95d6-9655edf243b6
68d0c54b-381a-42cc-99da-2cee87098d5e,1,2e3b67e3-7004-49b8-afc2-a335f792bcd8
8ea35a34-918c-4910-ab92-c13a0b50a7c1,1,27c7f93c-8d90-4636-9277-fe38089913f2
221ee2c4-a012-4a54-8666-e00309e616ca,1,a2894af8-3ec9-481a-ae75-980aebac6b9d
4cdfe3ce-afd8-4520-b9bb-23cb2fa7e53a,1,6831d396-3e1c-4e8c-9a5f-6be1fdfe8a88
30ccb599-c974-46f2-bd9a-305131adb804,1,8c7d9e78-f0fe-4776-9d46-713e7ec2475e
2e5e9899-214b-43f8-80e5-c5953c788392,1,ea709dde-2f8e-41e8-9aa6-b88fe79274bf
64d16f20-185b-44af-9a05-cc7e5200ab55,1,95e7799c-3089-42fb-ad14-bc988775874a
03fa0726-cb9c-4e19-8d0a-3547d4818e7f,1,6819825c-d585-4ae5-9ed0-01e8ddf8b300
261f4511-33a6-4e68-b5db-c7c1e495f245,1,c6f5dd0b-f7a9-4e27-968b-0a48108a87b8
5e3682bf-413a-48bb-afdf-469d5a2caf56,2,e15f2e87-50a1-4d81-88cd-b81cf3d27456
f753ade6-608e-49a9-9949-57952d75e69a,1,d2c87364-105a-4ac4-b313-72732bc5a392
d4dcb834-3ba5-4bca-af61-06f94554071e,2,eab52b1c-4bb1-4a1c-b805-34c205c963c0
e98dc48a-c823-44b8-8235-4610252743e9,1,553ae6a0-c1c3-4022-a931-d144a55354cf
2c0b8e85-0cf7-48bb-8b94-f2be23303191,1,07bab78d-aa33-4117-a02f-9731c07f762f
c6a44dd3-1cb2-4a86-b756-9daa9c094a4f,1,53db7acf-af9a-4f4d-93dd-6ed95415bed9
edd8f56d-a9d1-44df-b553-33cb2d4a0ff2,1,9c574cc8-7e0e-416a-b4cf-9bff9237a262
f1756781-d044-4220-b2dc-44c7968c3a75,1,3b543618-525d-435d-8d0b-df707f0644a6
f7e1e41a-0e1c-4310-aff1-16503a863614,1,21c67ea6-52ba-4c74-bfec-7de7bd859652
840f18a0-01e4-4873-a463-425b2703dda3,1,9f220f11-f8d9-4faa-90b9-4a283476272a
1667d940-0522-4339-bf72-cb598d09c9af,1,bcc458b0-3860-4209-be51-08f7c47d9db3
29d7aab0-12e8-47bd-94e9-fd60ffedd4ff,1,7225eff9-f3c4-416f-a0b8-d3c25f34bef3
9775ecd4-2084-4a41-95fd-6c574b071243,1,007f9921-a8cf-4b64-86b6-4285e0914414
be358cbc-28d1-48e4-bb06-75d152eebbac,1,dc956424-548d-4f9e-a4d2-de8db2c92df3
c74efe1e-1d2f-41e8-86dc-e3cc07f9f190,1,7e38dcb5-3736-4d19-ad4f-1fb328f4a0d8
58004738-37e6-44f7-9c92-242160340287,1,7ecf31fb-918a-460a-9f14-837ceea548c6
666fbfaf-4576-4b81-ae44-723bd98edab4,1,b0f816fc-2d18-4981-b275-21fe964cd60f
f5ba53a0-c555-49fd-aee4-62e70a8f008a,1,f0b041f9-7bc1-4f0d-9056-5a4c1c862f2f
ca4d349c-a77e-4a8f-8b29-06e2d6dff629,1,2892346f-345e-466d-9cb3-cd56c8cf9eaf
c144be45-4855-4545-a134-026f98cf65f2,1,dc88230d-a1e5-4bbf-b63e-f92916368d80
bc37a910-164c-497f-a536-f055eb7ac616,1,6861707f-1028-45eb-9deb-af8cce576520
903484f9-f2f7-42cb-baf4-6e2b4db7e69a,1,415d0f8e-4490-4c9a-b02d-279a52c13ac2
3edea4d9-8b6e-4ec1-ba93-348c2b88cb18,1,c0660875-085e-47ef-bf74-ea8cf8f33d47
66320c80-af9e-410d-a687-b1dcf853dad2,1,0b288ff0-e12d-40ef-a02a-934bd66aa949
6913c242-214a-4855-b526-2b54d0ff1f98,1,8c6030d2-e92f-4dce-a1d7-26c38022d2b2
b353f746-20f2-4d1b-a01b-b1c852a5cba1,1,c65f003c-9e4d-4d5e-9ad0-2f4b29a65867
fbcda8ff-9419-4892-bd23-e7b37c0fd15a,1,7b534647-acc3-4dcf-92a0-9338b008db82
296bb098-b7b6-40ee-845f-c88fe89f0006,1,cb851c74-8ea0-420c-a62d-7c641320f14d
426f8e3a-ed08-4633-9716-d405c5fd7c26,1,05f819ed-e597-4ea6-b20e-73970fb33041
163697aa-e281-4608-bcfc-9b99f5a0e561,1,ca0aa32c-11d6-4f22-b14b-2ff3c5bf4dd1
a83449d3-de21-41c5-af85-f097ed3ad2bb,1,f051bb0b-7d4a-4d01-8d71-b2d900307974
1c0eb5dc-5f08-45db-a8a2-f5b72ef5f74f,1,b2c31428-0017-40c7-a18b-7b049c365800
7fa6b5de-dc01-4201-9501-75e3a3e0b3d2,1,f43dd994-3481-4947-b01b-f379b346437d
fead580f-8ba9-4fee-aa16-114ac0ba8e3f,1,b6875853-807c-41f1-b0b0-c1417846f55a
de100a32-aac3-48ab-9a41-8e07b76fd84e,1,1baa9ccc-dd74-4968-97dc-fa3ae039ffe5
b4838cab-4392-41ad-ae48-3a6b9e5733ad,1,7537ba85-31b8-4439-846d-5278b11e8d88
f8e91f26-298d-494a-9ad2-905baa5cb42f,2,66e62fc1-406b-45a5-a3ac-8d9c84c93da8
f71f99c5-de16-474a-a84a-588836b311ef,1,2544db04-bbca-4034-8bd2-b5ded762a267
c1da93cb-bb7d-400f-b04b-0d6c2b7cb018,1,c4d2dbc0-d99e-4f97-bd16-8a9a47a8a2a7
3b96ac4a-8b31-451f-b8ad-598f232987fe,1,607f74c1-2def-447c-8f28-840f50aa265a
eb7f86f6-c249-45f1-9ca3-ed0001f06cd9,1,b0a0e665-6419-4dc1-9667-005cf568d946
2d6b3801-338e-4854-b570-f1dcd8c0fe36,1,eeda2fc5-481e-4ed9-9fb1-9d53b34a1b9f
5721b696-b588-4ab6-9876-0096f0dcabad,2,9b74b28a-75ba-48de-bf12-a0e2c1a54f89
ca68ddae-c5f5-4895-8494-9e290609bff3,1,4741d4bc-c41a-49ea-bebc-b74b26355b0f
d2742b3a-fc7c-4bab-ad2c-6507eec63e9c,1,29808aa4-0f30-40a3-b112-3564bcf3d1cc
818d3143-8ac1-4fab-92a6-baf5022b0f52,3,2f357893-98b9-4126-a0c4-ee9bbd0940c2
7ad13ec6-f891-496e-b9f1-51ca579a8973,1,0d3c5507-583a-4c5c-9a74-dcef0452d2b3
c300156d-b82b-4314-b5d0-13082460ec66,1,866c604f-6d13-4735-b3ab-ce589e87d042
348f2a63-7508-4d22-ae18-ce397a1eb72d,1,131960e5-8342-4e9b-8bbf-181664d48f0a
fadc9a31-5d28-463c-b411-f8125a4dd9ff,1,6063032c-aece-49cf-9d03-ced14d3a2b14
1e2181e2-aa06-4d8d-80f4-d053e86951b6,1,9c4574c2-f436-4131-9739-0aeff86a6eaf
0b0dccc8-4052-4865-bbb2-7f20bed976fb,1,3b23e036-33a1-4627-848e-f36bfbe199a0
5e878840-153b-4beb-9eed-24f1b63a2e02,1,090b662e-87be-48c7-85be-8f45e1cb97ed
b4529af4-51f3-4b3e-860d-a8b056aff94d,1,83d0a3b9-eee2-455d-8aa9-86e3f7a63031
a05bf629-f1c8-4fb5-aefc-ed735eb499c5,1,f4e2aa0b-e06e-45d8-b4fe-4e999191eba0
734b9b73-c92e-4802-a038-fe0bf6ae4de7,1,edb432b0-2184-4de9-9e1f-4faa7daae4d9
c20adfbb-ec4e-49f4-864f-02491089d0ab,1,08ca010c-c7dd-41f4-828e-a2fc0b86cf5c
44fb26d1-e790-43f3-b333-550488930b8a,2,f7c6388c-56dc-42ed-922a-857f65d6b996
528122a7-b132-41c4-881c-323ebe2af597,1,c2d6f97c-46ba-416d-9038-d2b70660023c
0ea8a50b-a4a9-4d70-a352-105b91dc4ccb,1,030db735-c2f2-4f3e-9106-39b5ebe4acb7
f91f3a43-9715-46e7-940d-c6f65d9f2829,1,52231766-cf52-43a7-8ed6-b995661c0acf
63eb1bd9-4621-4ea9-9ab3-9b912365e777,1,e433ec7b-bae6-44a5-9fc6-d61e8aecdba0
4836635a-db30-43cf-8c9e-26a75f072bf4,3,d023a8c1-f649-416b-8fd9-157b2f8329c0
b33d75a3-4136-4121-9288-d2589a38d7e5,2,2d5e40d5-3403-49c1-94ce-be07b66e5e23
44993348-8caf-45b7-9138-907aa7e8d390,1,2f2d261a-dfc7-4f95-a835-b012b280285e
4be2068e-1aaf-4666-a98d-849a95fa6dd8,1,233a8904-b77b-4326-ba54-db8712bbf26d
f0daaecb-97bc-47d3-8058-4dc21d34c7f0,1,e267cced-3c35-455d-a855-39e8623fd4b2
d6c0ebf8-15a3-4800-aa61-0ab3b154462f,1,c5df693e-3684-4dea-99cf-fb3a8d3242db
a4840741-6cd4-4ec1-95e2-4660ce2e2a15,1,520b6a25-e802-49c5-9885-51ec4e6dabe1
16d3b346-1249-4016-bc47-0843366c0e6b,1,1db9707e-e9e6-40f1-9801-edd8f63250ea
fcc03699-a35f-4d18-9731-95f8c745f1a7,1,f7fac261-865b-4308-8754-48f29c7556eb
9b7aa443-8ee2-447b-be51-81a865251a59,1,8d14396d-c52f-4cdf-8f6d-cf36c2912cfa
52d1fd50-4c4e-4377-bb42-8829b219e153,1,46a3de78-2358-4da9-825b-6a5ee01ae265
2d36466d-1b78-40f0-b610-2547741ac0eb,1,09d44dd6-2226-4290-94d6-32115d1a59ca
f1a9bf78-f388-49b5-9326-eb037708f6d9,1,6acbf6be-feb1-4f1c-ab93-2fdb5c5d8473
6f3599d7-7bdc-4698-9747-1cd2b6e7006e,1,c6f96834-254b-461a-a667-861146551918
7da5c9e3-21a4-4e2d-b94a-794a5a3ceefd,1,feb713b8-896c-4c64-8880-62700e8fe401
09e7f30f-a579-494a-b471-291aea5ca3d7,1,54810166-69d3-4eda-8e70-325514c28b88
9b5f36dd-cd5b-4414-99aa-9ce0c312047e,1,d6f67f7d-b723-4d8f-ab39-3891f0ff9ac7
78b2dcf8-fdc4-4f60-9c3f-be3407936481,1,df6c64cc-a8bf-488e-ac57-3b239022e936
eaf8ebe9-4811-4b40-8e8e-133fdf2dfff2,1,86434cfe-6329-49d0-a08f-de2b827fd398
d2b51d8c-f92c-48f9-a97d-a7262182b98a,1,5963c8ee-498a-46b0-aaee-e7e670b534a1
cb68818a-7768-4ded-b928-43d6b0982fbd,1,5c8c5318-4a62-46e8-9a9a-94eb7c187fb0
31e6374f-cca6-4b4b-8dac-899d896c7e84,1,21315e2e-3c2a-40ec-87c3-70a46c70d0bf
07b833a6-6e1b-462a-a5af-2b5f32a28bc1,1,46c8e26d-75a2-4973-af85-09ccf6ac2e06
87dc509c-bd1d-4408-a7a4-37953ec21f65,1,0192d8d2-9965-441c-9c64-a94f2bf6aafe
ff466d57-59b0-4cbe-8f59-06275586667e,1,ce2c36a6-91d2-4ec7-ab69-d5c31bc6001b
25b23128-c326-4b3d-8bdc-58e3c721bb70,1,0a432a67-093e-4162-bdc1-9d8c6bbf1a9a
007ad6ab-4589-4320-8ade-7b43bed58313,1,eb479664-8a71-43ec-9fef-48980fd34369
11ff92e0-9035-408d-86cb-c892a60ab493,1,9910ad15-5ff6-4f53-a2d9-fdca3ce048dc
6d6ec5ab-7f85-45ff-8fc3-c3e8521866bc,1,918e14e0-a48a-49e1-bdb0-ccbae485451d
353bdce9-18c9-4567-a1fd-9681c28290a8,2,359a62b0-8fcc-46c0-abae-e2f2c06d103c
20140335-7f9c-4efb-9f34-bd7a546d0a15,1,76445d16-0b43-478a-a845-f3960e4702ca
f6915ce8-7b82-4534-872e-4a0b08a55f7a,1,5573ccaa-4b79-4960-88b4-ea9fd7c8deeb
4a8f8094-bb1a-4d1a-9b47-9deb29c29a9f,1,3b7d7b45-9124-49ef-b798-afab8934aa09
229eadce-2224-4788-a4ab-b3a5a3e30d63,1,9c4696a6-7a1a-4159-8d67-cd2b7360c219
5030e6a8-0bd2-4bb5-b8d1-84d35831b1f8,1,7018d94a-e17e-418a-af2a-70005a82d5ca
ec106b4d-2d62-46ab-a13f-a45658de8f5a,1,e377f573-8ac7-40db-ae95-3222af5c97e8
83311ca5-0165-404d-94f7-57bf10669166,1,3869a6c6-15b8-4272-924d-37d8dc9f63d9
4e27e20c-0617-4364-9e78-92bd90985b93,1,c4c13692-6231-496c-82cf-316c14dfc1ec
f32c1a3c-3f6b-4e55-a2a8-aea068232938,2,92ffc28b-2bc8-4157-800e-57ad742cfacf
0b5d581a-79fd-4e9f-955e-43ee82bd13d1,1,e323174c-9244-417f-966e-42c46a0c7d10
047b9756-cc00-41bb-aa88-b6e9685bfa08,1,dbe0d842-bed5-4ed7-8b4f-86d68336912b
630d6698-d87c-4851-b1cf-3b6403b2b9b1,1,8a1779bf-685d-4a38-8cb0-c6ac5c2a6b23
454d62b9-2529-47e7-aac1-2781d11aaf4a,1,f8b82e7d-3cb1-422e-b913-f710c05af407
c6279e78-e34a-470d-b3a6-28b8e9a2ea70,1,64256238-0ce6-40aa-aeb4-e2ac58a6ebdb
70609d3b-d537-471e-bbaf-d13b029072d8,1,ab414827-0a4e-4cd0-ac77-85d87ced273e
0ea4be99-32d0-4398-9bf5-12f0d46407b4,1,ef7263e1-d444-478c-9bf0-94625b64ae5e
0fda3023-28fa-4d90-ad04-653525c122de,1,28a7c86d-72d1-41b7-8c10-8b1a2a10d878
39215a4c-ec63-4b22-9e57-a8aff089ec3d,1,ad2dbd36-3f5a-4ae5-9049-849730852e6a
34eea2d4-4fb8-48e8-9291-baa95bdd6fa6,1,4c2af486-8482-448f-a4ee-74d76266a220
48f82bbb-7e87-4546-ab54-c5cef16c3e9b,1,3925ae8b-e961-4e41-839b-1d64ca3786df
2de3d3a0-c939-495c-b179-710e07f36a71,1,725021d9-b49e-4200-8d06-8343d1a9bcb0
312327b1-220c-4235-aabc-771474c849f9,1,8abd5ba5-0933-4f2a-b17b-d825242b1913
f53785a6-9c0b-4b9e-8e16-f6e1cdd00614,1,a69ee0ad-064c-40fe-9351-648d02a822d9
49751b87-3a4d-466c-96e5-d54c650149f7,1,a33534d3-e543-406b-b886-52113a264545
c1187cfb-d07f-47ee-9289-22bff946423a,1,b69fc0ff-95f2-422b-b270-ee7758dd6d83
9e6d8e96-6f74-4c83-b5e8-1e02d792943a,1,c6b9df60-b7e9-432a-80e4-c24de789c64c
d32b5397-50c1-4cc0-8367-1d29ddb39abb,1,ee7c63ef-ae18-4af2-b482-cc387bd3eba7
4ba69176-0a57-4e76-9668-b503f599b0c7,1,a0273f0a-e205-4ed6-b525-5e22f829cbd7
f75f0501-3cd0-4310-be1c-f2a1aefc3b7c,1,011a09c8-8bd8-4c53-8242-2616c3ad8186
7211feb0-a767-4bd4-b7e4-8f8ff6a9eece,1,22075490-d395-4505-9c21-f8d3f30e9b92
4862dc4a-57ea-475d-8999-ad7d42a9ed25,1,2bdb6720-fd5e-4b35-9397-5cffe0595f21
f5aa2266-4297-4584-9733-b89122852610,1,2c62d0b3-6881-4781-8fbc-fb050af34fd3
227396c2-983a-433d-8b4f-f82ec86fa13b,1,945695e2-5d3a-4901-8e35-528930aaf9dc
d54f78a4-87f5-4aae-8b22-ab1a65d9e177,1,9395f023-9b1a-4d9a-a878-5fec566159e8
0ea05019-98f2-40b8-8b0a-593f00460255,1,e211735f-c49d-4899-b60d-56d4c3e4b114
f4bf0a9d-5ac6-4062-8394-c7539e74d57c,1,0cc3c9d0-1809-4731-95b9-11e6c5cd2df0
673d2304-4b02-4f2a-8a16-3a22164e5328,1,dc9693d4-d4bd-48b7-8db3-e050107493c3
04e938d4-34a3-4201-9c7e-4683b7af492c,1,cc1994b3-6098-4e38-a41c-c7f9292ee41c
4f791766-e32e-472f-ac0d-2a4fab19b9b9,1,cf847801-96f7-40f2-a646-c1cbd7c2e009
d7a2af20-8e85-4cc3-ba4b-497f61977abb,1,be15957e-566b-4b9a-bb8c-07eacc82ac43
b03ec41d-c8e0-4eda-9010-70de7273cd18,1,2bac642d-feb7-4f05-8e3e-0a9f15f8b585
24f4c284-32d9-46af-bcff-ff3fff14c654,1,7c7c8c93-0d82-4cb3-9300-e82ef631d4a1
b7b60add-b495-4497-bd83-8db66466e814,1,a287d7c1-70d8-4db2-a8a0-18249bbfcd1d
14c0d765-3e12-4849-ad3e-cb1a74990972,1,1b980560-b14a-49f9-a34f-e70c49a758ac
a326d278-382b-4d51-9833-d1d2067b5d3a,1,c0342459-2b1b-461f-9713-90b59a5598bd
9cb920fd-c089-46c0-a83d-c357ec04a565,1,0d1ce2b1-e43d-42ab-b65c-05269112c45a
990c6887-d124-4778-83ca-108c306a8b68,1,0e649594-42d1-4b5d-9cde-c0d2c4dd066a
990b4b55-3496-4eb8-a4ae-4fd95abb0d64,1,22d3ad61-fc86-4562-926b-059d9d90e153
16bf248d-8aa8-4fbe-9e33-3cdd4947a3db,1,7cba9a32-e950-44c5-93bb-c1e1c0677c55
56d8a5af-58e2-4f04-8865-043286b5fa22,1,e1ce4904-d821-4d8f-b77d-3bf7f435bc50
b1b603c9-e1ad-4956-88c7-c199c718464d,1,cca4eb23-f2d8-44ff-aa19-3410a63b7426
94f79ef9-22e2-4216-9d25-4afba9184aa6,1,d3dd69a7-374e-4039-94cc-bd741008e689
8041ab1b-d71b-4008-a493-1b068a2aedf2,1,91f46c32-3df4-4350-a2dd-7dbc11af92d4
72753b8b-34b1-4c04-98f4-1c6fe140b327,1,a4f01339-233a-41ae-a7a9-0582f0165c78
09967725-e85a-449b-8a0c-3db2b925155a,1,1bb4a793-8c3d-4bf6-ae84-7b0182b6da4f
c7b1183f-8af0-4db3-a503-12bdb3f2cae9,1,762d8524-ffd2-4117-b028-bab87882c372
29ba14b2-d564-49aa-8426-9a4102a95eb7,1,104386b4-138e-4b01-9bbc-827079947ef0
007cddef-7dc2-4426-b49b-eadb6af6d223,1,4f8ae0be-a2a6-4edc-b156-3fea9041d179
1cb59c28-5e00-4932-961a-2fea8da796d0,1,9a002280-155f-44ba-ad34-0c16f50cf5e4
aaf82555-2fd8-4033-a2bc-47f787d27f29,1,29a73955-8d00-49e5-92e7-e7bc8022b213
d064ffe1-d809-4bb9-8ed2-47b65bd92fb4,1,681d184c-f2b5-4ea2-8d39-5057a639423e
b0431770-e3be-43d9-b2d9-9b3202626124,1,da64d8cd-abc6-4aba-ae2d-026889007fa1
cdd951b9-20af-478b-8ef8-35d9fdb563b1,1,29c2e110-39b4-4c0b-8161-1d8ba35ae2ba
b906fd6a-82b3-492f-8bb9-789577fd7b0b,1,cce572c2-a6d6-43fe-8fd1-434448c779d8
94f87e93-f7f3-44b1-8521-4426f540e566,1,aafd78fc-632b-47d0-bb3d-68b22a43b1e3
a7632af4-084c-4633-a9a2-402b84cd7b71,1,aa0f2e12-66dc-4b17-91bf-cebd42254244
f526aaec-8e08-417f-8344-2bc228d8a531,1,2adac1ac-fe40-48f6-9b3c-6dd44bdbe0de
be15ef3e-7153-4298-9f8f-c81976433470,1,c7760fee-b757-4a99-9072-1331c6b48843
911ff07b-c77b-423b-b475-b212c59aaf1a,1,6fb7f74f-f9a6-48af-a0fb-57e3dcf581a4
48281489-3ce7-4fa8-9904-41818e2a009d,1,14219701-abf8-4110-9c66-a09c104b5015
c384d603-ca44-429b-ad5f-9b60677547d2,1,3164a655-c8c4-4e31-a3dd-ea2c9f953642
f3ec5fac-53a1-423f-837d-6344112344a2,1,bbe9a9e0-4aea-4d23-8272-b88ab4f39241
acb38898-5510-4ba9-a950-0e628fe12ba3,1,d5619357-70a1-4aa8-8420-32b075cadc7f
c52a3d1e-5cc4-4537-ba17-00f7dde4b1b7,1,2dac00b3-55a3-466f-8baa-62425c467fd7
ffe8547e-bcf0-48c2-a909-e9b9c130eadf,1,9cc96794-073c-45c3-b9cc-a07d5cd7d237
76186cb6-74b0-4a4d-8740-ab29330e0c91,1,892f739b-c967-41e8-a8de-50d4b87b0f43
bac54ed4-60aa-40fe-b4c6-cddd88ed4c56,1,e3a86a34-5124-42a1-aaba-22dfadf34ef2
c6d04f19-84dd-44fa-b104-1b81f40cd860,1,c6755904-0bce-4998-b5d3-572945add60e
5a078b82-9302-4042-88f6-33f66d649532,1,347222c9-b77e-4aaf-a759-d7986c13c00a
e59c6afc-1de3-4aae-8e69-8699e50d1415,1,cdc01af6-9b1d-4801-b241-1df3b28e9411
80bce0ea-2248-4c24-a0c0-c8c5b634de5a,1,1b243d5e-82d0-44f8-a79d-9442e77ad949
c8dbdf85-ce62-419f-b74d-28066f422e84,1,60d45c57-ace5-4ad3-900d-e5c0a4436952
5643564b-1684-40ff-b9cf-d58e561ebdb1,1,b933849b-3a7b-4fd4-9033-f4f72c233c75
d4120327-6382-46d6-8a0f-e6ce7a41a42b,1,1acaed43-dac1-442c-8111-b93a362a5bfe
9c753854-2aa1-4289-b80f-63437b300e2b,1,6eae9af5-1d4f-4bde-9c57-31c67db28a4d
44486f9c-1e0e-4e54-a139-83c0143193d6,1,b1f68528-eaac-4dd8-ba90-0d355637d972
3468af12-2f52-4f1c-80d8-e8e50f58905c,1,4a7861e2-0932-4ec4-b84a-8b8d3667f893
2dd1d226-8bad-46b4-a001-4e27f0f6fa2a,1,bb88bbe3-f76b-4fd6-835b-aab28fb87295
4bfe30ab-fab8-4be2-a517-2a103d9a0009,1,85b08c90-9136-4331-874a-7714be84ccdf
5a61c197-cec6-404e-9862-b6cf0d1851ca,1,c8f4b3d7-b093-4eae-9923-1ccaa8bb2597
15032088-d5d3-4d30-b48e-17e58499d3bf,1,8233ff8b-5ad9-47da-ba1d-2772f0da4346
520aae4c-96ef-46ea-87ba-d29d48bdd6c5,1,ea3c7c49-a13a-4330-96aa-d04e30c7353a
773f0649-5eb9-4346-aee8-1526fa7cefa8,1,2ecb3bf3-93fa-48ca-b85f-51d5a21f8c4d
5ed39995-e231-4015-b421-ca39600e1984,1,dbd4bd6f-a0e5-4401-be0a-f636a7a0c02d
2161da3c-dda7-4c07-912a-c85a6dc16ba4,1,16fa9906-89ce-4af1-9260-874574cc6346
62e80a00-9895-4438-b288-6d6c21396574,1,7520c6db-057d-46b4-b54b-2ea937d21332
190e818a-d7fb-4e0d-a776-dfccb54a29a9,1,688f935c-6435-4490-b81b-021633e7ab95
24de2903-1c04-4e58-a5f8-e73ec57e77f8,1,e1b41366-f410-48bf-aaa4-8b9bc67d15fa
a7fea415-c04b-454d-a90c-1b7374c6f272,1,368ba83c-71a8-40f6-976e-545ae61645cf
fc19b20b-cdda-493f-86cf-d62418e101ba,1,4f383091-53dd-47db-b1a3-6c434ad31903
d37ad183-e873-4c4a-a633-1f52e2082684,1,2cc66904-4e6b-45a6-a052-1c258a9e4610
34aac7e2-b428-48ae-bd9a-3437eaf7b987,1,6d616e62-6325-4c7d-8ebc-e2139e28f9cf
953537da-2de8-4cff-b56d-f49f17ed426d,1,6d25e439-7f90-48a4-850d-c8e6571ffe4c
c4f1bcf2-2345-4d39-94f0-de705163de2a,1,a68e5d8a-8868-4038-9489-fd74d77c1e11
fe73e6b1-0d6b-4ea6-94c5-5e848554e826,1,98aaf19b-78eb-4d30-a30e-3e776a1dc411
8f97a5cc-2cd0-47ca-8fe1-7b21746be004,1,d2889812-2642-45e0-a0ea-245af6de27c3
f868f6f3-6715-41b6-9981-e5fdbdbacfad,1,f5ccbd78-327c-4327-bd5c-9db49145cae4
0869d9e9-fd46-4f15-99ee-9738ff733b55,1,001a2fa9-4f6e-44ed-9ad6-cf76193e5231
a1b66222-0367-455e-a756-5a1e792f44ef,1,1c5a19c3-2197-4977-8b39-f9dcac23b96d
aa130831-e842-414d-8e50-c168f27ce2d8,1,bc681d7a-a7d2-4dbd-9c35-0c04cdebffa8
c39c8368-61e9-4ac2-a6f8-50a0056e81ec,1,32f978a9-9344-47c9-b41d-63ea41fdee6d
32e925f8-5a92-4688-9f31-b7955a961527,1,bb0d8120-4f7e-49b2-b9f6-74add8348d24
f74d91f6-2056-4958-aad0-96cc00d1c548,1,c4f3458e-3e76-42f6-b3a0-53a0dd3a2a1c
afcaaa95-ffd0-4e64-be6d-c2d67944ff6a,1,87b6814c-5793-42d7-b501-e684eada37bf
6020d027-bfb9-4cc1-afd3-16dde0df70fc,1,ebb7562a-727a-4d89-a010-057a3b9cda2a
522790b5-742c-4efb-85c2-46c225a9611a,1,9848a855-5be2-4c0c-95f7-1631eb1c5ffc
aac73093-a60f-45c8-ab1f-0af0b20cffee,1,b25c05f8-a734-4625-b881-113495b5258c
97931330-92ff-49d9-9e10-e9424d9e0d1c,1,545809ba-ca07-4d5f-ab29-5942c275a06b
ff5fc340-b0ea-49af-910f-19a9bb16cf69,1,2829c34d-cbb4-47a9-927a-32f859d8a617
f330ac5a-083b-45c9-baab-71495a60d145,1,b5e3c9fd-1331-464e-8039-4f185acf768f
d6eb4bf4-b453-4c7c-b586-7f93c2615304,1,a9abadb8-8e86-4d66-8ddb-4f276fa44a30
4bb84eda-29c3-4940-b074-2cdb34885f86,1,bde5c3d6-3252-44db-9bb6-a3a7d243152b
f428960d-436a-4440-a009-c6b0fbfe0482,1,1812302b-7601-4800-9dd0-6409394289d7
3a35e78b-d982-4d9c-a367-f1c16f71488f,1,f89b3fd3-800f-4da4-acc2-a95a4dc8b6dd
a1fdcb29-f742-4017-a014-39fc1e5c5843,1,b29c63d0-16c2-4caf-b832-825cd1d44181
b3cd2525-eeb5-4267-80e1-90dc7f045d6b,1,5ce144bd-203c-42d5-a2c9-e9ea8d297f9d
79c2bc52-5a3d-475a-83a4-9f03f66b8d85,1,38f9084f-b259-408f-b3b5-acace29c825c
4270c64e-2fe2-4859-bda1-d912253a1bae,1,eb2a7114-65d9-44d8-b9ee-fff8d5ed7d4b
4985f6c0-a16a-4dba-bf90-4142510227f8,1,8be316e2-f9a0-4b91-8114-9065b4b7bc60
36299e18-833a-4c0b-8cc3-684ef3a09421,1,5d2cddb8-ad01-451c-8b36-b06f848561db
8903b0ca-e799-4e75-93e5-1d85b406c13d,1,222e63cd-b937-494c-b5b3-2b74c965d57e
972a0518-7773-42bf-b8d9-72a09c5d3cc3,1,f879197f-9861-4d2a-9024-270878d91d3b
8e33ce2e-9969-49e0-a596-0cf932b6d341,1,741487b1-e86f-4ea5-8f40-699c05f1237c
7d46bc65-0487-437b-af94-963c1f9fbc9c,1,18324ff2-4d1b-4ca4-940a-224b53a9c0e4
ed3950e8-b80b-4693-a672-19531f875f95,1,40d95541-45be-4064-ae12-16082319984f
c9cf55bf-6c65-4336-9d27-223c904299ad,1,8d824954-df2d-42e7-ae55-b8040e5fc25c
2f3a67e0-a530-4750-a456-34ed49e567be,1,30aeac18-f379-4067-863d-59f5fe3353e0
43d52bf8-aa59-4a5c-a1e4-a0dff8e72354,1,dac6f345-b342-4978-be3f-7643f75a939b
da131963-7a6a-418b-8287-321072d6b34e,1,ad5b0e25-2f54-41ca-ad4c-578f6709ad76
f5b92cc9-8c90-47ee-bd03-4fbc2bdf1b93,2,94cc25f2-ae0d-4c8d-858d-df719961f435
8a2dc0e0-0ff6-416f-9eeb-299a7de9a939,1,3e387f0c-b637-41e3-ab05-fad346c36ab5
1a6aa8d8-a1b0-4bca-93e1-7bb2cb7b3940,1,f4ff2f2f-b277-4842-bc43-7b027be5bd36
5834f09d-d37f-418b-9863-58a44cfb6d07,1,1c42224c-25aa-41a1-b44c-8b875a1039dc
98a22b1d-ddb4-41fc-bad6-448ef45ee91a,1,eb58149a-6602-44db-a20c-3a24fe1aa1bb
594384ee-ce70-448d-9f64-98216a5dd2c9,1,7b953a74-671e-401a-8f16-0d7d68320fc9
ec75f4c0-32e8-430b-83cd-8d5cb7506839,2,ff81c4f6-46e0-48b1-9ef1-d788f25e782b
870e5f4b-1cbb-4c78-9f0b-e2603eb32835,1,a3eec236-a6a3-4e69-b3df-fc040bfe4b10
483917e3-d586-4d05-902a-f2cb2a6e39af,1,d1695127-3f5d-41f8-907c-fa3257e11e69
4182b6fd-902d-4335-bc52-752be318498a,1,d6282a0c-b578-4400-86c2-e7a0538d8a0d
ed1470b3-fea0-48e2-b201-25e5e6576229,1,22e69ee2-e5c8-4549-ba57-62feb64eb72e
b12cd678-1493-4543-95d0-5810b57669b6,1,e79026d0-61bf-4306-8625-3769ad6d0d2c
48165d96-e5eb-4cb4-a8ac-d824fa5417b0,1,4a2858f0-871a-494a-9a7b-158216eae363
c009ea9e-926c-4ea7-9a95-84d06fc1e5dd,1,b1a0e3a8-8053-4301-9a6f-7bf04781767e
59ee5815-c581-4d19-9cea-3c3864c4114a,1,d0ac4f5e-6b0e-4fc0-a6e4-38ed8093c291
93b7a77f-cdff-4f6b-8851-c1d639c2a22e,1,d496cb31-3f84-4441-8553-b14a16ddbc2c
c7f8651d-b014-4242-9591-55a8b6c93f2c,1,db741955-99fc-45f4-b4ca-9834566fd79c
684f7c09-6f33-4e58-b773-48b7b9827116,1,c4acdfc5-216f-44b7-aa8c-c17d0577eba1
5fc0800c-af98-40c8-8416-3ea406d4a65c,2,f742cc21-b6bd-4f7d-a9bd-c628b0507104
dfffd5b7-530d-4322-ad4b-2fe43f2e1155,1,ad0ef4f4-6a2f-4236-ba11-97980c54f1d4
70eb2ff1-c009-47c6-b10c-029f6cb51c19,1,cce8873d-c655-44ad-81eb-fc50a4581e14
0b830c35-2be9-4984-baeb-009e810f1ecf,1,b106035e-b5bf-4eb7-9171-2262d3c1ee1f
1d410cfe-a972-48a9-bf17-1bd9191735f8,1,3115d8c4-ba89-4bd9-811c-8e162e18cb46
9b0c1c30-d6b8-4783-9de7-15301d04d53f,1,26ac9419-1c43-45de-b835-5c48b5b24d68
4a96b788-53f8-4d17-b2c4-c4244de10630,1,5b4bf17c-8063-443a-a4b4-a2eb97cb8b13
49728621-46db-46e9-9b22-ef0bece44d0e,1,7c0ec73e-b6f8-4c55-9fc9-5775b7adcc2e
9612645a-4043-474e-b79a-87cfbe3f7e64,1,19833cd9-135a-42f9-b3b5-05754bb2528f
0d3d1d9a-f9f2-469b-b529-4980225be35b,1,721e37da-bf61-44c0-a974-4feffd6c3279
987dd6e4-4987-4e2e-a412-b74c30a21022,1,e2a193de-41cb-49b7-a845-047d5e9f2bed
29ab5ece-9412-4450-a651-ba2fe83d3958,1,476e62fb-fa72-4d71-a874-8877631c0981
2a3cc832-1283-44f1-8d32-089399cab80d,1,cf11941a-8c16-461c-9ce5-02bc79c4babf
31f7357b-9447-41e8-afdb-b23a91e20b59,1,db5d6555-939f-4276-9a55-ebd6084a7b81
b665243c-ca2f-45b0-8a98-3188356147d3,1,bd0977c9-9a77-4267-b57f-a73a7f61b4f7
57397860-fca3-4d39-a7d5-f36b8820c75b,1,8ddf5777-191e-431b-99cb-5947b1420cbf
411ad9cf-fc27-4163-928c-b59541729f8f,1,5a8d4634-33cc-432b-8a8a-f962b329d042
adb3b8f6-6745-4963-8ebf-a39f35969f18,1,3598f1c5-f9da-47cb-82f0-645dfc2d8bbd
083a84f2-239b-4f4c-9ae3-582290701fee,1,cb055e0d-174a-4fc8-ab10-6e4826f61a4c
f789e66b-ef39-4d01-bbc4-6f27883c7a99,1,066de8b3-2450-4243-b0b5-37486f9513e9
d88113a1-746e-4073-a213-85e4dba7f034,1,69e3548c-208a-44f6-ac23-1bd284eafbfb
9f8e3bbf-fa7b-4fa6-bd32-d9611b32b08a,1,f62f3699-c95f-4409-8d64-380267778cdf
930f88c8-6cab-4c32-9a91-76d3a9350ee2,1,df9c9197-5735-4076-a02a-4bf1e3474c04
16038e33-87ca-427d-9436-4090488e0be6,1,c40c4d38-a42f-4ebc-a15d-df093c4523c6
c3ffb8aa-4c88-4a08-b14b-464c34d60afc,1,0e0a28d3-c4df-435f-860a-8f5c35d9a005
8f11ff79-389d-4a3a-ba69-b4c24df495ab,1,d93b58ed-bf25-4687-8073-345851485473
89505e53-358f-46ea-9974-e91274245f96,1,da290df3-829c-464d-8908-0155e7cb05c2
9b1f2a08-a7dd-42d6-880b-60aea5c55305,1,552b6396-c231-4b47-8db0-7310b92c1798
845df69d-cf29-4f9e-b927-04c85725f1a6,1,8a151013-a20f-4bc5-82a6-8dbd243c7a5d
4dc9dd67-88b7-48c6-b25a-46d7d13c4626,2,4b12b3de-50f8-4ca4-bff5-2e4a7dc3940e
dac14fba-4fa9-40ff-b1a6-3bdbed854d40,2,ef1a6f86-427f-4abf-8a9a-db87f776d4be
ee637aee-7444-43a5-9fac-73d161a5353d,1,b1516a5b-ff6e-4490-932c-b158993a453e
5a14a2a8-037c-44c7-b925-775a946f89ea,1,5216b7af-a0fc-4c9a-a828-ccac4b6bc1de
fd7e0208-9144-489f-a8c9-e93ab1191d1b,1,11a466f3-ad69-4878-a82b-e7b811abce96
35d61eae-ce37-48a3-a64c-bc2dc035f780,1,53e69034-ea04-4823-9774-24eb891e3ed8
b3bac0dc-b501-4a8d-a65c-e151e1006cee,1,89fd595c-d804-4745-866a-87d0da0f54d6
d0e55d54-14ac-459c-8637-0a1a2531b8e8,1,1529f11a-bab2-42f9-b210-343982a5e0ff
49539f1b-55ed-464d-9aac-54c7fb193b05,1,215c0c96-1f82-4c61-a185-cc237d5b4dcd
dd8789a6-9f8a-40e4-bfa8-eacc837048e7,1,e2d006c4-7dd3-4fed-8119-64673bd018d8
94e2bd6f-5a37-4045-82f4-8a471bcf5c1c,1,4f7257a0-0d01-4caa-b149-2b5e6b096a4f
a5ac1c13-bda7-4783-9155-590d61ff6851,1,06d27279-7292-490a-b827-ac232bf8cdf6
a40ddafb-ecc7-448a-92e6-2399a02dc99d,1,70770bc2-4222-4cf9-ba91-d76d46b5862a
527a37d7-c4dc-4d8a-96b2-c3a971f14eaf,1,e827ab1b-0870-46eb-b517-dc17050bacc3
dd3aa50a-cc4e-45ea-9ac4-9ae9b0ba96f1,1,4374dbe6-c16f-4f86-8e2a-b55106873c17
850356b1-011a-4f92-a471-7bd093a9d02e,2,ec1c0b3b-5676-4dfa-a2b2-69c22e5c4a94
9a39340a-7f18-4119-adf5-a3855143049c,1,e09c85ae-a2e3-4faa-847d-66274cf4800e
b12f5e6f-07fd-4f71-8d94-a1d0716e4d43,1,5f4c38ff-aa22-444d-af5b-c6d253154bcf
93bd9d51-98ce-418a-929f-5c8ee1c15556,1,790ea4ea-e682-416d-9c38-7381e684497d
ffc09ad0-8c30-4e51-ab6e-1a7c123d9361,1,a4c69a26-6479-4b88-90e8-e62de295cadd
14eefc03-d6d9-49a7-8bbd-1bff8ab619df,1,3e7b8b98-c14e-4134-b5a1-1760f773a7a2
b561bb49-bc4b-414e-866a-36a5896d90c2,1,eea516f0-4c4f-4058-97b4-be4bf03c5ede
6f123656-2878-4fbe-8bb7-67f8983f9e90,1,3b4140dc-42c3-4e27-8627-d2c3c109c34b
9cabc7a8-82cc-484a-b5fb-d15fb32afda7,1,416bbdb6-ac30-4d59-9861-d358c2160b5b
aaac0076-82d4-48d9-a543-a9cc1579644a,1,9c51fc51-474a-425a-afb3-a4ca47e4410a
8e0bf997-dc27-4067-84f4-9a8377c57f07,1,ed1c3801-01d1-4d93-8541-37b18cfb5582
924a7f23-7e94-4e00-aec1-0fe71802535a,1,aef47c1f-becf-4bbf-9b66-d2a557c45dfd
a261f037-be18-4e1f-be27-4c84c8beb7b8,1,e82c05ff-cbc2-4068-96fa-97a5677bf92b
286f4fa0-4b69-4192-b364-927f499e5e09,1,00ff3f3d-917a-481f-ab22-156a4b784372
46e03d31-7257-47c4-b012-c840aa9c99d3,1,3071bfae-6c67-4c94-b2e1-4646d1e31678
7dd06939-453e-479f-849b-a6fa2b10b5bf,1,1a2e043f-b629-4a62-9ff8-ebd4e396fed5
a6483dfc-82b0-42e3-a5ed-6bc400bd0a0c,1,5e98d3b3-f5a0-4411-a8f4-5734374914be
46ce286f-1169-4462-91a0-b3580af297c0,1,04685ae7-7199-4809-ac34-65af11984f79
c75c65c7-e570-4183-b3d8-9577834a7225,1,a7fce0a5-847d-4a28-afad-178053875248
5a37318a-90df-40c2-909c-243fac2cd3c0,1,42a786d7-9840-4889-a08b-5eb14b043637
f02db9d3-6628-4b43-8544-1b3acf5cf10c,1,129ec8d7-6ffc-4da5-89a2-2115794cc0b1
a2de3a35-fb7b-44a5-814b-e9ac4bc63c22,1,9b917a56-8c43-4ea8-8f5b-c3f752c458fd
c07744e5-2782-4494-ba85-a0fe4dbf5996,1,879eff26-3a22-4d8e-94f2-23b1e1175ec4
991f0da2-b432-49fb-90ce-13893f38db0c,1,5495e998-d446-4bae-b334-a5131f2a0cb8
546f9fb5-d7fe-40bb-8dc1-c533ca364400,1,975268cd-3aa2-4467-b354-09bafb06479c
223e422c-a97e-4f70-886f-a48d0d21d262,1,b490be3e-dee2-4214-a0ec-78cf99849590
5deb7a2b-7597-4da9-b0e7-1b37adb22244,1,267a9609-a201-4b99-b641-de9472ea5670
37b16d9f-4153-49b7-92a0-e5ecf45a0605,1,be19507e-4777-4782-aec5-2c48da64ceba
73552682-02e6-433a-b9dc-d0cfd01224a0,1,314d555f-a00f-4b98-9cfc-b0f89ff52e4a
7cd68f88-ef79-4d41-b2cb-02490f2eb070,1,d4576b8b-36a0-4b55-9637-b7eb7b26ff53
c555c886-d7ae-4e8a-ae8f-4bb9209fbfe8,1,3610a1c3-ff6f-4804-bdd8-1781b8289a54
49aaf231-cdee-494f-964f-6af613872d94,1,7f8f1a49-f931-46b3-a83e-14dcd9fc3081
ec19fb16-f044-4a0d-b461-a851d8daa713,1,68d2e8f3-b5c0-439a-a5e1-69a817436659
0c1ab2bd-084a-4215-8bba-06af127122ff,2,88bbd687-9ad1-4cab-b2bb-ce51dd8ef066
b6bbb9e5-ef79-42e7-8863-8a81a8226f2d,1,77671ebb-d84f-4799-b02d-b85176521ca3
ddf63e7d-0de4-4548-8cdf-35535bb32612,1,45e9d319-9ec9-435b-9a62-ebe47bcd7f15
f1110550-eb46-430b-b095-7a0e3a23ea3b,1,c45a4466-615c-48c0-8a70-9d5e6b388a49
469b1993-320d-48b4-8fa8-c43480b8933b,1,87caec30-b543-4a42-8e1f-b263f8d972e5
e264f883-95f2-453d-a42d-471c4b69006b,1,96e38128-d20a-4e1b-b95e-bfb7ffa9454c
7c037d9c-f75e-4ef1-945c-63ee840c88af,1,07bb6596-7540-4edd-a503-bc7a8bd90c12
708ea5d2-d1eb-4e13-84ff-6fd1fc327b6c,2,795ffc15-ff65-43f1-8a15-a7029eacad85
c581fd65-92d6-4216-86e3-fa9214f88ca7,1,cfa82311-0993-466f-b30e-16a96f85e524
35e152b3-c79d-446d-ac37-a9255b5d3775,1,cddb755d-cc61-48c5-959d-32ddb16c0851
917a2766-3674-42d6-990f-387c57008f66,1,12d978cc-56a8-495b-ac87-12e36708122b
886d5b21-7afb-4234-b0fb-f14929f5b44b,1,347e02f4-42c9-4495-bf0d-765c67234778
31143251-aeb4-45b8-b508-8b9c20c5aa4e,1,58f20f70-b91b-4bdb-bd95-856184542e40
a862643a-3243-41aa-a8df-54ae1a640127,1,6b56d76a-da54-4dd3-b04a-7100d97ab35f
534f89be-7f59-4efd-ae2e-601874f69fd0,1,257b2880-ae48-416a-8084-f5dc9ab547b0
aa1ebe51-d466-4b9e-b016-45a41bb08292,1,9666e86a-f3f0-43f1-a4f4-801d8d65381f
628d8de5-a8a8-42e7-8469-6c416fbf4549,1,6ded4074-241b-4c1a-b44e-7549ee61754e
81792a53-0bb4-4b64-ad65-bc5c7551fa8d,1,2ea412d0-31dc-4684-95f8-6690ba8d18a6
dba4b061-cf4c-4b5e-b094-6192fa819dc0,1,fbe89b39-1cb0-47ce-aedb-c9f22c21bd09
6884de33-7b88-491c-9c87-a801e460db60,1,9b5f7363-b8de-4d67-badc-5e8dc188203a
3f55e5ca-9257-41fc-9043-491efd67a791,1,cb1b668e-a1c4-4f50-81bb-4650c21c6a76
fa0ca8b2-4853-4bcb-a200-53e54b5aa5cc,1,bf179946-558d-4e19-838f-9a4f03d337e1
6fd49eef-d343-43ab-a01a-87f7a9f00e17,2,c5fa7377-1a6a-4fd7-abc2-6cfd6914b540
1d4436e6-010a-4802-ab01-1494490f46ab,2,e128a9bf-b78b-482a-aee5-005bbdf7f665
