portfolio_id,downloaded_count
9cb920fd-c089-46c0-a83d-c357ec04a565,1
c404feb6-f788-44f8-a604-ad6bdd694744,1
b6f3d548-2242-415d-9381-363890f028d9,1
a30fa23f-4fa6-4146-ae38-fc260d257b67,1
d6dae10b-1e1e-4565-b57a-aeb4f4fbc40b,1
032110e7-7906-4603-aaef-07d1f5543c41,1
e1ba5983-3f10-4836-8771-95c3bb31d6dd,1
24f92ec7-6382-4294-9e7b-3dd0ccd2db40,1
ff125bcc-d6af-49f4-9555-6601bc3f0819,1
d5611128-c0bd-4b78-a597-1430290947dd,1
725d64e7-0b66-43c7-9e6f-907dc07db06d,1
eca4fcea-b078-432f-b646-7d5c1628e892,1
f15c7b61-bd4b-462d-a37e-c0b6072c9224,1
34b2fc4b-56b1-4181-b540-598a64faaa77,2
f4bbf47d-a1c3-435d-a45f-bfe38521d4d0,1
ed99cbd7-71bc-4a1f-922d-c0693095bad3,1
0d7c4d67-c7b6-484e-bb79-a4c39bf3733d,1
acb995f9-089c-41f4-bd4d-31bbdfcaeaf8,1
3c51c625-48b1-434b-a58f-822334257902,1
546cbe27-207b-43c4-af6c-59bcfd67fb15,1
66197355-94d4-4536-ae46-1fb67b3a89cc,1
10d99f12-5ff0-4cf5-a4ec-2285786bc4be,1
a6e5a603-99ab-42ee-85a4-2cdc7b06159c,1
3f3a53af-bd8e-425d-8c6d-9ff7333f638a,1
401e7eb1-9394-4c9e-8591-57c7fa8fd133,2
30296aa2-0c40-4cfe-9b15-711fcfa47e7a,2
dfce15fc-7333-498e-a2bb-cdc1fedc1fc7,1
496e6756-89ac-477b-858e-2fbf91385016,1
aaed4a9e-3392-4964-b3aa-f3e5efbe9303,1
f07d62bc-268f-4922-acaa-b59871d7772b,1
132963c4-3e54-4e50-bd4b-5efde6d03f71,1
3fb81042-dacf-4991-af6b-5cadc92cda54,1
2646d89b-5b9f-414e-9f25-545d51061c4c,1
50714d83-f9f9-4d81-bd44-65823ccf52f6,1
c61ba665-6998-4eb6-b166-ba5844017b1d,1
c6c6eb57-6ab9-44f1-8019-de18f4a1c533,1
b7ed18cc-b1fd-4af0-b19a-674518581f18,1
c1cb835e-d126-4352-903a-15b4c309c4ec,1
c6ab748d-b784-4d52-983e-1d52fadabb2d,1
1b0e815f-b5ea-49e9-8a14-63cdeabe91ee,1
278d0cec-149e-4c1d-baf9-6c48a1dc20b8,1
37ca12c1-f6c9-4dd0-a7cb-f3185a92b3ca,1
f434f00b-13e7-4d5a-a41d-4b73a3e6727a,1
4c2301f9-e66a-420a-88c1-2b094332543c,2
070fe617-293e-4084-9540-c081d107c2e8,1
d4008412-ac83-4edb-a2cf-05cc9ca9f7db,1
70149d53-8edd-4c75-9965-8b80e9090874,1
0291b689-f51a-490c-9b1a-f0d56da38d79,1
5973c19f-42b7-4d8c-b51b-6a084879d413,1
ff38d8fe-1a60-476a-8a52-49d1ea595a37,1
2c888391-d8ba-4825-928c-6dfee0b93bc9,1
b7afb498-1f57-4c4a-b864-23ec9ff6ea16,1
2f2caaba-fe3d-4a79-b473-0c902e9f0d5f,1
bd59c4d9-bf7a-4b4e-b53b-a31da22612a1,1
dcc11094-9e06-47cd-a086-85fe50174f3e,1
b3e8513d-ffc2-44a4-968d-9882a5feb7ee,1
3804ffb8-ee77-48a8-90ef-1fd24299a86c,1
78e521b0-3e44-4c62-8a01-35d4c60cd2a9,1
eccb2fd4-4210-474c-bdde-684233697ab0,1
7658cdaa-09d8-4fbf-92d8-c2eae05ee212,1
89988446-54e7-466e-9b7b-7e5ff5ee7827,1
d5ca1091-3659-414c-97f4-b4ff644360ee,1
994f9d77-3427-48ab-bede-c6844b8a8fc8,1
389b467b-259b-4ae1-b954-c9e6f73b02c4,1
c9b54238-043b-4903-b26e-8d3c7dd88d37,1
89a091a4-6de0-4a4d-9a53-6ad5fbcdd3f7,1
54cda5dd-0b5e-4ba9-9181-cd88ac826e30,1
c8decfbd-ff6f-4583-90a7-ad42ec29bb40,1
5f70bfe3-1682-4e33-b958-e7dd6f49e314,1
9e681a2f-9b10-4bdf-82ca-ca75ec243c5c,1
d3611fee-4fab-445a-aac7-589f09db753a,1
184013a0-7e8e-48ea-8708-3274277eb544,2
f3f584f0-f062-4d5d-8a04-c88c77bab5fa,1
f04fee4d-8ee8-4ba5-89a1-c61c03d1d405,2
9e8c7992-780f-4319-b7a2-c9d57b6056c5,1
3da9c9b0-f9ec-4c2f-b4c8-f65d1ff6aa75,1
38a0cd2a-b7e7-4d0a-9b60-c4eb1752c793,1
037f7b34-5088-45d6-a0e5-9683c0118658,1
6c260e5f-f28e-4008-af6b-e4b24d7a8b88,1
619c9a2c-cc39-4fdf-b671-eeb80884c453,1
fde48e6d-e46c-4162-9670-b3a977d7a729,1
5e60d066-36db-4893-a29b-e9a9a68cf8a4,1
e4a1a9de-0bd9-4e57-8e95-9fc92501c8b1,1
5005fe30-f0f1-4b53-9c4a-f2419037fc43,1
c43d7a9f-84db-4426-8f06-941a2447076d,1
12736735-a497-473d-8dd3-6bae29d5eb8b,1
6c2f0072-9e02-4e58-9c46-ef5225308962,1
d1b259d2-2c4e-4246-a270-5b0ba408026d,2
e8b8e222-91fd-46d3-831f-a0bc064c938a,1
955e91ea-04c5-4ee9-b8e6-09c7ac7e35d0,1
461e9e2b-82b7-433c-93fa-5cd453cef85a,1
d957495c-8312-42a2-8c35-c9122534aa75,1
00a613d7-e227-46a3-934e-1ecae19e01ad,1
6985a161-c0f2-4112-92a1-b38eb1736a14,1
0e9097c0-2936-4822-81d0-5232035e0ab6,1
37de61d8-dbf8-49fc-bdee-ea3004480beb,1
966803dc-a07a-481a-8a56-544857d24ebb,1
034ae374-bba0-45fa-a80f-f4e6a06cc5af,2
2f7dbabb-5dad-426e-8658-3b118c0fdc6d,1
57792e70-215f-4fef-9bc3-e44a2187886a,1
aa526b6e-c402-44e9-ba59-1c1fa15a4d38,1
c91a735a-de31-4a85-b2e5-584a98dd6159,1
43e71cfa-5026-43f3-9d26-e7c6e95289b9,1
e647e0e2-e5fe-4c00-935b-ace92554e737,1
aed1ef55-9051-4621-9154-880a06268f51,1
9de577f5-82bb-4434-9204-a00eb6f70272,1
80ac88e9-5f05-4256-b97a-cc5541e1ea47,1
7802b822-c502-40e5-9e5e-69498a6b42bb,1
a86c0136-0257-41b3-bdbc-ab194f6114bf,1
559e92fb-d833-4707-aa88-95a34084a039,1
c464e15d-f586-4c5a-b1fd-8fb6fc8d133b,1
35ceab1f-40fb-4465-a8a6-35fd72a00e1f,1
f8d6f398-0f1c-4b63-b090-7843ef5523bb,1
f4cfaf25-f94b-43e7-a6d9-2d3e815d5a86,1
0c3575e6-8aeb-41a6-9574-be7b48a0b68f,1
31e058cf-6841-4cd8-9880-f77dfad3bad2,1
b0ba3a34-a0ce-4e41-b5d1-4200c4ea5abb,1
79421738-fd38-45fe-ad11-42f78e2a8886,1
490b1fcf-516b-47c8-9c24-3bc23f1a76cd,1
c8d05e3f-565c-4ac7-85da-c1f545e46424,1
ef7f4bc6-5918-4613-9363-7cdc4583549f,1
9b414381-806b-45b8-93b0-4140164da6ff,1
6ade4a30-1c76-4dba-9de4-9247a4debec8,1
c782b084-d7b9-45a7-9fb0-98527817b2d4,1
e2b62715-4638-49b3-bece-b3d82e8fb2f1,1
8a00a848-6bfe-4ec0-ac78-63cab46b6d6b,1
dbc44dd0-bb53-425c-b836-ff69cb5662bc,1
93cb9461-7de1-4ca4-a6ae-a370ef09c2c4,1
c5115033-fee6-4374-9edf-343b6656e8fb,1
cb16a90c-d0b0-444c-91b9-f171fc5e6cd7,1
3040ebe5-f237-4b42-9b06-447835e72f02,1
ee0cddc7-3e54-4bc9-9afb-6932af76085d,1
bd68d5dc-0138-45d0-b69f-a7a01108e5a5,1
b5fc4a9d-c5f6-474c-8ae7-7a7f5ba21fc2,1
637021d8-9d5b-41a0-a10c-59495b3f369c,1
41097d14-7358-4596-95a6-0bc4e2acc740,2
02477e42-671a-49f3-b44d-74a1e69b76f1,1
0d43dfa2-e09d-441f-9e3f-b2fce2de29f4,1
b369878f-1aa4-4106-9193-f18d39fadf9a,1
fd1b3471-a224-4798-be3d-81b48b6a77fc,1
79a9ea14-4139-4f3f-8d11-5e7aae89c893,1
931ac7e3-f380-428e-8523-56da19f5bf95,1
ab965aad-ea6b-4201-b445-137e28cec0bb,1
8ad5628f-5cd5-47a4-beb9-ca1c080fdb57,1
1a288670-f5e6-49dc-b2e8-af860a67fe0c,1
efbfdd88-1881-495d-a5d2-2a98d399a37d,2
6e5f4ab3-9a80-4a6c-8a1d-07cc319e9f0e,1
68c22203-ce65-4788-b255-bb385352ce54,2
1a047864-498a-4cac-a045-d35200cce8d9,1
0081cf74-ab6b-4b89-aa4c-8b495ac24028,1
38818c0f-788c-47c9-b8de-b4cf9a3d3e26,1
0c1938f8-5b70-442e-8db2-f3efd90e6bce,1
edba5315-55f3-44da-b45f-f5ca352b38a1,1
8030cd98-79ae-4388-a0f5-47629b6c04f9,1
dee9fbbe-878b-4a0e-8e1b-4e2db28514e4,1
0ba000d3-3862-4106-8e8d-5a970dbedfb5,1
e47ebe46-3c63-4a95-9c45-87b766602b3b,1
1c3a5992-87e4-4bc4-93ff-957a627f171c,1
037ca8ff-511f-4c85-aa1e-ef2e2b861a7a,1
9ef44486-3ae6-4c7a-8bcc-69c3c6f41627,1
b3d7ad9e-5688-4cfe-8e0c-19f416cf827e,1
232bf1cc-cf7f-473e-ab5e-efa95a60ddf8,1
d77feed9-4871-41ec-97eb-49d1ea75bd23,1
a70fa368-56f4-4cc7-bec5-14714a076ae4,1
ae6ea2fb-e457-4668-8304-5d2b28b314d7,1
57870557-ef45-444b-b75a-443ea7bdb4ff,1
8b73e73f-2780-4152-a4eb-17438eb236c5,1
60a39df1-45df-41d9-aa9f-1321392423fb,1
28e3b32f-6d45-4213-9722-9b98779caa06,1
c30e80a3-830a-481f-9543-c839254db21b,1
1dcefa78-f5f4-40e6-ac1c-4db3f6a864b7,1
99620639-7ca5-4783-9727-1a5f49d1bd34,1
c7caa74c-ada4-4b4f-8605-ae2587702d38,1
4b86f2c0-c4b7-4d89-8772-dc44ee087c3b,1
27c4acff-4714-4481-8814-acabdac1e8a9,1
85b01267-3580-4f6a-91ee-a994c85a6c64,1
0660d914-0831-4e39-805e-e88fe32615b6,1
8d16da29-739b-4e70-8c4b-415b0a60ed09,1
b1488f53-5fc4-4cce-95e7-518591c40497,1
50aacb0f-aa2b-4003-8134-5a419bb51340,1
b02b6a74-d238-418f-8b1e-f665021ed721,1
39eddd53-c2f0-439e-ba1b-50ee3d11d426,1
d9a37fe8-7f5b-4db1-93a7-871c6e1cf33f,1
89eb003b-f5fe-4fb3-b109-ef7762db868d,1
d0a91c4e-e587-4d6e-b100-06002b095ec3,1
b8fb29e0-544f-43d4-b75a-096edb4df4d5,1
05181129-1bea-4a7e-9aef-9df99cd0c31e,1
898b206e-e9fb-4b92-ab78-fcbd85e0e5ce,1
555ac73b-b2fb-473f-880d-6d7da44e8596,2
7dce82f3-ec21-4cc3-9137-354e4fdf9098,1
881bfd52-1721-41a9-b589-7211b706d210,1
890f98b4-8d73-4a55-ad66-c4001ff7ab62,1
9f2f1091-001a-434f-b0a0-56137fd72a35,1
d3980579-571b-44f4-8a0c-2c8ba86e106d,1
3a2066fc-418e-4dc0-bdfd-a3ec2f01f1a2,1
88cb1e50-558c-4b05-b8f9-04b0872eb97d,1
8dd1064d-41d4-468e-83ca-04fc16665fc4,1
028627cb-9896-47a9-961a-6a1e68af5833,1
5d293caf-efdc-4242-9c24-8e1fa9fdf70a,1
af26fb7b-a291-433a-8025-e4206f2971ca,1
7df88074-41fb-467d-ad79-d775f5fc4e07,1
028af6e1-beba-4f60-b365-5be6c631822c,1
6e2e7574-b9ab-4ca9-8579-1db63f0d215d,1
a1f4bcb3-4506-477a-8281-31a79fbb7b93,1
75de3f57-307f-4bac-ad6e-97216dee6d5f,1
d3dd6e60-e3c0-4c52-a61d-315925cd62cb,1
01ac9a06-95d2-48c9-951c-a682d1af3313,1
335b1cdf-e766-4027-b781-8c834dab20c0,1
a82ba409-6649-4347-b895-b303b679eabc,1
37c360f1-7661-4717-8556-2d5763dee5f2,1
44710a9e-72e7-409e-8d72-3d6f7c3d27e8,1
736fdda9-5abf-4c1e-87f2-6121558ca22c,1
c38371c7-60f6-443f-953f-e5b41d0f60c7,1
2c57db50-4a09-4864-8501-5350ee98d7e2,2
471dd1b7-088a-4f88-8935-3c610d63dd6b,1
7c19a130-e4a2-4a06-a975-f0f0e68b9519,1
0d5c7654-b30a-4f51-a233-146d32955dce,1
a5bd2251-33cd-490e-8d65-18fcbbe24e99,1
46f5d190-0ac5-460c-8d89-304261cc10ea,1
c6123531-263c-4e64-9ba3-0c20c148ac46,1
d4c4ea73-cb97-4c9e-8ac5-94cf2c7bc022,1
9bd3df18-6e07-4d0e-98bb-f8705de75845,1
fb1dd0f8-74d9-45d6-a467-5880ed94c5c4,1
460449af-3bc2-42d8-a824-10cd64a8e4b8,1
bfaa9038-2c9e-453f-b5b1-91a1b7315395,1
48146977-1b67-4a39-804d-58062339af17,1
1f54316d-9eee-44ac-974f-6a0783089910,1
c7630961-ccdd-4f2f-a312-371ac0eab296,1
8df87f9d-a532-4077-a767-fbca18f1f98e,1
309b3b92-0e7c-436e-8e70-74e3b96d57e0,1
8519caa9-d086-4756-8bb7-d35f4176ac72,1
db4c0c08-6562-4143-b8a6-156a6ef89db6,1
609309e4-93b4-401c-9681-abc9665637f5,1
d6bde104-d321-4e61-995b-4e7e6ea65022,1
c92f9463-bb6f-49f7-8835-f2fb807cca7f,1
b487cf60-573e-4136-993c-25d13eb12c6c,1
75194315-ded4-4d51-ab02-4243a08c2aef,1
eb564f4b-220d-456f-ba51-1c70b1ffa3e7,1
3ae9f3a1-4ced-462b-9ea7-675dc30ec0b3,1
73d2353e-0434-4550-b413-0740da58059c,1
8ae8e764-7503-4d84-911a-b03015126654,1
c92c84e3-52bd-445c-97e3-dd4496459fa9,1
25f696d5-e220-49c3-8a8b-2b3fb82673e1,1
c81e3af8-ca02-43c1-a193-cb85905509ee,1
6533c5c4-df93-4c36-8143-3c2205b41db3,1
4100fd71-7be2-4a2a-aedf-65ab71bee94a,1
29aa43ec-2ca4-40be-969f-83739843fa54,1
9643ccb4-46e6-45fe-ae6e-d17f1ae0fef3,1
d2476810-3cf5-486d-9b61-e1da810b2dec,1
2b50aefa-3d93-45e7-9554-c46bdaca7b1d,1
15f29c33-7f9e-451c-a22b-bb7afb54e706,1
c9d09a3d-d168-48d6-b490-dc86cbd0bcaa,1
a88a2b6b-c517-4148-830e-d7ae44aea358,1
ddb0176f-ae0b-49d1-be56-5a2b6b8e468c,1
28e75682-f744-4d42-af93-44b6f26a192d,1
5c5e0889-d04e-46b9-99ce-610820ef319d,1
d322fd48-e8be-4bfe-bf7c-23eb1f2289c3,1
3184f636-1aa6-4d0e-8f6f-4ab5ae5c5153,1
80f441e0-6699-4075-a046-ff74dafaf454,1
22e23cbc-d3e2-4695-a609-3c4ad51581b3,1
964e1343-24c6-47f3-81bd-32249a976b08,1
b7961d5c-43d8-431f-a71b-cbf11029f869,1
39a94639-b3ae-46c1-aa54-84102cd3b813,1
8724ba80-264e-4d80-883f-07429f11c990,1
40a281eb-6f09-4d5f-ac7e-16ea7a755a50,1
1615eaeb-099c-4f5d-8795-fdaea216abda,1
932fda6d-a113-4f53-84de-f08d0032f44a,1
66fbdad4-5ce4-4a65-a3e9-83f410faf7c0,1
a4b541e2-539a-4fc1-8f8d-befaf2566a31,1
61d1b3ad-db70-4ae3-a880-1f8736774d95,1
dc4df5de-947f-4356-820b-435b4e792c26,1
7c8c739e-787d-4a51-bbc8-0484351fb389,1
d76974e2-0c30-4303-a50e-97f02f9203d1,1
e9f6c2c7-cf09-4a55-9837-9d76330d718b,1
0043a730-a566-4459-a2f8-f2f7a085aa47,1
f11c4af2-363a-48e2-bdb8-fd3023867b8c,1
9157c03c-1bb4-4fa7-b5bc-18c772be6e5e,1
7effc18c-3206-4430-9c82-978cc4fc04c1,1
dca82fc7-29f0-4fad-adb9-1b0b878261e6,1
f36e8e55-6907-4fc6-8d86-05f5d5901e70,1
6251e48f-3955-49ac-9252-eedb6c255780,1
52cde649-904c-4b54-95af-4d4134ed089e,1
2f9164e1-5b6c-4a8b-aded-44a40e3f0a06,1
b7df0aa7-605e-4165-b939-348f9c35b4e9,1
91c7621f-c305-4f99-bb0c-8e7da7dcda89,1
a88faafc-1a14-48eb-b875-c1e0a8324778,1
4a90f032-deec-487b-9f65-d4836507fead,1
48d1955e-b24d-495e-820d-ad71d9e47b91,1
afa9caea-b19a-4ecc-b5f9-8fc90c96dda5,1
18363ff7-c144-481b-8a7f-e1b8cd1963b7,1
934619ba-7194-413f-97e9-6e0c432d3540,1
0aef9da7-927e-48d9-b910-013169e38af2,1
11e4a245-c9f9-4dde-9330-716638c0b110,1
3733be7f-7d21-496b-85e9-cc1bae2f4e5a,1
745aa155-0178-48e5-8112-02dd44820682,1
3fde0974-154e-41e0-94f4-7389ada7f256,1
96c47924-58ce-42be-ae2e-9eea52446382,1
ee69a6f7-133f-48d8-b72c-eb9af685a152,1
c4c9ce80-e4dc-4ae5-b4d1-6b5ff2b09b40,1
804fdb7b-414d-4b61-9ad6-50c2dbd0259f,1
4e644932-45f2-42c9-a99a-15ecd3d66aaa,1
8865e09f-f471-4bf7-9c2a-0ce15d289f45,1
6f09d34e-bcc6-4126-812b-b5371418f59c,2
311d580f-bdee-446b-8693-a9ab9bda84c0,1
dd8c18e7-10be-46a7-b5a1-e9f8b450b6a7,1
92709818-6b18-4c5e-9166-3c96cd8dd17e,1
e238e145-4437-46d7-873c-e22b22afff2a,1
4d91d084-45c2-4c98-be48-6d722827ed56,1
952d55b5-ae9b-4b63-86d9-050218156489,1
241fda83-2fa9-4dad-bdbc-0b709f87d19d,1
4051c861-d480-4859-a4a5-3aae904bb3a6,1
2d24c0f8-0221-46ea-9edf-42b94fad97a1,1
1e04ffe2-ba1a-4296-9bb7-89a4af899db3,1
8c1d559f-ce26-49a4-ae51-2c4fb5221121,1
53d2d4d0-1594-46a8-915b-399f1aedbb6d,1
72766689-479f-46fb-80bb-6c71219ebe66,1
91a91d7e-ca7f-43f8-b090-cd3a867dc059,1
d0ca9b64-173c-4bae-a758-0369dd6ff587,1
beb552c7-2e16-4119-a83b-39a6dc5482f0,1
9e8efcb2-15bf-433c-b2d2-a9c45919eb21,1
626690e4-83de-4a35-a63a-30dc4a0068f7,1
93b2f160-ad02-4633-ab62-8662d547befe,1
81873e2d-5b21-4a7a-958e-0194772580cd,1
7e1b6dd0-593f-43b2-8e51-bb3fbec75ea7,1
423d6652-c8e7-4663-82f9-ea205403c7fa,1
de03fefc-27d9-4e86-b118-b3972f488a5f,1
a332f25b-bfb5-4efe-88e3-ee4046c30340,1
89f60d6d-e710-4452-9cd3-ca508a2d6fe2,1
8a1f704d-b7ab-4912-8228-baddfc75d533,1
6ad9cae7-4b76-492d-8230-a848b10264ae,1
e4388bba-29e8-4929-afa7-aa963c11eff5,1
037fd85b-cb2f-4abe-963e-45e2d7d6d38c,1
bcc1f658-bd5d-4bfe-b477-c7006dc22353,1
b52e7932-64f0-4f46-bb51-7569edd5db7c,1
19c57320-fbb2-44fb-b4c3-ecc420591c6d,1
e33e8e0a-7120-4bed-9536-0ce19a5f35e4,1
b9ff1e24-f75d-48a9-b5cc-f7a0d9a79592,1
d1fceef0-c6a5-4902-92c0-90ebff2d8a4e,1
8af83cc9-0cd9-457e-aecc-33770f5b0cb7,1
2ee3419f-9dc1-4dec-b6ea-4d4bc34af0b6,1
6de6ad4e-0932-4577-acb9-520500bf012e,1
154e384a-867a-4956-b64d-b48da6713bb4,1
2f19d821-026d-4eb7-bd17-62a63c4e43c0,1
975244ae-8890-4659-a2c9-45bdbb1d1056,1
a56a4348-771a-4a5b-9ffb-0ac4fff3ebd8,1
51709296-5d36-4891-b159-76380a6b68e5,1
ca70121b-c628-42c0-ba0e-51eda0f0dd54,1
25736d45-504f-4255-878c-fa3755413575,1
a50975b5-ad89-43a7-ae89-57ae4426960d,1
8489d139-d555-43b0-a532-e949f068c9b8,1
8ba35b5f-0624-47d6-bff3-189832e552d7,1
0ba02f30-d4d5-485b-a34a-4faa934a3dd4,1
bfe4094a-20e8-412f-aee0-111d9a2cbbf4,1
82291d2d-c4cb-4c30-8162-eba4e83f5d3d,1
5c27bab1-4471-4b38-91b0-429229586f45,1
3399dc0c-d49f-4010-a2f4-3ca8dbc0e95b,1
54f9b8a3-16ae-4c74-b724-4a16a39d6b89,1
76cf62c5-43ac-4cd0-acb9-155cbf454b28,1
dde81e7f-05c8-4803-b38e-22611c1c8e62,1
1d9e8fed-2913-4a42-9587-48877fee53a8,1
2944bd04-f7b6-4f4c-ab95-cc7e2df77465,1
6e8e9ab7-b255-4bf2-9759-d840f2c8f8a4,1
cf7e9e95-3344-4195-9d68-97df2ff2c329,1
ac576ca3-9db7-4c21-a170-cf5fbe43b03f,1
ac420b61-2a9c-4a83-b507-1619460c0182,1
e8502543-08df-4d23-a046-5c32b81f15d6,1
a3669329-14f9-4d83-8a0b-969f476ffffb,1
430aa63a-52ee-4432-a241-894532fc4997,1
3100f2b1-c061-4d6a-9d87-4a1971b9b7a9,1
3b27ad0c-7a2f-4e3b-b14a-1231889713ac,1
44a4c804-5d7d-4471-8186-cebefb7bfba6,1
68d0c54b-381a-42cc-99da-2cee87098d5e,1
8ea35a34-918c-4910-ab92-c13a0b50a7c1,1
221ee2c4-a012-4a54-8666-e00309e616ca,1
4cdfe3ce-afd8-4520-b9bb-23cb2fa7e53a,1
30ccb599-c974-46f2-bd9a-305131adb804,1
2e5e9899-214b-43f8-80e5-c5953c788392,1
64d16f20-185b-44af-9a05-cc7e5200ab55,1
03fa0726-cb9c-4e19-8d0a-3547d4818e7f,1
261f4511-33a6-4e68-b5db-c7c1e495f245,1
5e3682bf-413a-48bb-afdf-469d5a2caf56,2
f753ade6-608e-49a9-9949-57952d75e69a,1
d4dcb834-3ba5-4bca-af61-06f94554071e,2
e98dc48a-c823-44b8-8235-4610252743e9,1
2c0b8e85-0cf7-48bb-8b94-f2be23303191,1
c6a44dd3-1cb2-4a86-b756-9daa9c094a4f,1
edd8f56d-a9d1-44df-b553-33cb2d4a0ff2,1
f1756781-d044-4220-b2dc-44c7968c3a75,1
f7e1e41a-0e1c-4310-aff1-16503a863614,1
840f18a0-01e4-4873-a463-425b2703dda3,1
1667d940-0522-4339-bf72-cb598d09c9af,1
29d7aab0-12e8-47bd-94e9-fd60ffedd4ff,1
9775ecd4-2084-4a41-95fd-6c574b071243,1
be358cbc-28d1-48e4-bb06-75d152eebbac,1
c74efe1e-1d2f-41e8-86dc-e3cc07f9f190,1
58004738-37e6-44f7-9c92-242160340287,1
666fbfaf-4576-4b81-ae44-723bd98edab4,1
f5ba53a0-c555-49fd-aee4-62e70a8f008a,1
ca4d349c-a77e-4a8f-8b29-06e2d6dff629,1
c144be45-4855-4545-a134-026f98cf65f2,1
bc37a910-164c-497f-a536-f055eb7ac616,1
903484f9-f2f7-42cb-baf4-6e2b4db7e69a,1
3edea4d9-8b6e-4ec1-ba93-348c2b88cb18,1
66320c80-af9e-410d-a687-b1dcf853dad2,1
6913c242-214a-4855-b526-2b54d0ff1f98,1
b353f746-20f2-4d1b-a01b-b1c852a5cba1,1
fbcda8ff-9419-4892-bd23-e7b37c0fd15a,1
296bb098-b7b6-40ee-845f-c88fe89f0006,1
426f8e3a-ed08-4633-9716-d405c5fd7c26,1
163697aa-e281-4608-bcfc-9b99f5a0e561,1
a83449d3-de21-41c5-af85-f097ed3ad2bb,1
1c0eb5dc-5f08-45db-a8a2-f5b72ef5f74f,1
7fa6b5de-dc01-4201-9501-75e3a3e0b3d2,1
fead580f-8ba9-4fee-aa16-114ac0ba8e3f,1
de100a32-aac3-48ab-9a41-8e07b76fd84e,1
b4838cab-4392-41ad-ae48-3a6b9e5733ad,1
f8e91f26-298d-494a-9ad2-905baa5cb42f,2
f71f99c5-de16-474a-a84a-588836b311ef,1
c1da93cb-bb7d-400f-b04b-0d6c2b7cb018,1
3b96ac4a-8b31-451f-b8ad-598f232987fe,1
eb7f86f6-c249-45f1-9ca3-ed0001f06cd9,1
2d6b3801-338e-4854-b570-f1dcd8c0fe36,1
5721b696-b588-4ab6-9876-0096f0dcabad,2
ca68ddae-c5f5-4895-8494-9e290609bff3,1
d2742b3a-fc7c-4bab-ad2c-6507eec63e9c,1
818d3143-8ac1-4fab-92a6-baf5022b0f52,3
7ad13ec6-f891-496e-b9f1-51ca579a8973,1
c300156d-b82b-4314-b5d0-13082460ec66,1
348f2a63-7508-4d22-ae18-ce397a1eb72d,1
fadc9a31-5d28-463c-b411-f8125a4dd9ff,1
1e2181e2-aa06-4d8d-80f4-d053e86951b6,1
0b0dccc8-4052-4865-bbb2-7f20bed976fb,1
5e878840-153b-4beb-9eed-24f1b63a2e02,1
b4529af4-51f3-4b3e-860d-a8b056aff94d,1
a05bf629-f1c8-4fb5-aefc-ed735eb499c5,1
734b9b73-c92e-4802-a038-fe0bf6ae4de7,1
c20adfbb-ec4e-49f4-864f-02491089d0ab,1
44fb26d1-e790-43f3-b333-550488930b8a,2
528122a7-b132-41c4-881c-323ebe2af597,1
0ea8a50b-a4a9-4d70-a352-105b91dc4ccb,1
f91f3a43-9715-46e7-940d-c6f65d9f2829,1
63eb1bd9-4621-4ea9-9ab3-9b912365e777,1
4836635a-db30-43cf-8c9e-26a75f072bf4,3
b33d75a3-4136-4121-9288-d2589a38d7e5,2
44993348-8caf-45b7-9138-907aa7e8d390,1
4be2068e-1aaf-4666-a98d-849a95fa6dd8,1
f0daaecb-97bc-47d3-8058-4dc21d34c7f0,1
d6c0ebf8-15a3-4800-aa61-0ab3b154462f,1
a4840741-6cd4-4ec1-95e2-4660ce2e2a15,1
16d3b346-1249-4016-bc47-0843366c0e6b,1
fcc03699-a35f-4d18-9731-95f8c745f1a7,1
9b7aa443-8ee2-447b-be51-81a865251a59,1
52d1fd50-4c4e-4377-bb42-8829b219e153,1
2d36466d-1b78-40f0-b610-2547741ac0eb,1
f1a9bf78-f388-49b5-9326-eb037708f6d9,1
6f3599d7-7bdc-4698-9747-1cd2b6e7006e,1
7da5c9e3-21a4-4e2d-b94a-794a5a3ceefd,1
09e7f30f-a579-494a-b471-291aea5ca3d7,1
9b5f36dd-cd5b-4414-99aa-9ce0c312047e,1
78b2dcf8-fdc4-4f60-9c3f-be3407936481,1
eaf8ebe9-4811-4b40-8e8e-133fdf2dfff2,1
d2b51d8c-f92c-48f9-a97d-a7262182b98a,1
cb68818a-7768-4ded-b928-43d6b0982fbd,1
31e6374f-cca6-4b4b-8dac-899d896c7e84,1
07b833a6-6e1b-462a-a5af-2b5f32a28bc1,1
87dc509c-bd1d-4408-a7a4-37953ec21f65,1
ff466d57-59b0-4cbe-8f59-06275586667e,1
25b23128-c326-4b3d-8bdc-58e3c721bb70,1
007ad6ab-4589-4320-8ade-7b43bed58313,1
11ff92e0-9035-408d-86cb-c892a60ab493,1
6d6ec5ab-7f85-45ff-8fc3-c3e8521866bc,1
353bdce9-18c9-4567-a1fd-9681c28290a8,2
20140335-7f9c-4efb-9f34-bd7a546d0a15,1
f6915ce8-7b82-4534-872e-4a0b08a55f7a,1
4a8f8094-bb1a-4d1a-9b47-9deb29c29a9f,1
229eadce-2224-4788-a4ab-b3a5a3e30d63,1
5030e6a8-0bd2-4bb5-b8d1-84d35831b1f8,1
ec106b4d-2d62-46ab-a13f-a45658de8f5a,1
83311ca5-0165-404d-94f7-57bf10669166,1
4e27e20c-0617-4364-9e78-92bd90985b93,1
f32c1a3c-3f6b-4e55-a2a8-aea068232938,2
0b5d581a-79fd-4e9f-955e-43ee82bd13d1,1
047b9756-cc00-41bb-aa88-b6e9685bfa08,1
630d6698-d87c-4851-b1cf-3b6403b2b9b1,1
454d62b9-2529-47e7-aac1-2781d11aaf4a,1
c6279e78-e34a-470d-b3a6-28b8e9a2ea70,1
70609d3b-d537-471e-bbaf-d13b029072d8,1
0ea4be99-32d0-4398-9bf5-12f0d46407b4,1
0fda3023-28fa-4d90-ad04-653525c122de,1
39215a4c-ec63-4b22-9e57-a8aff089ec3d,1
34eea2d4-4fb8-48e8-9291-baa95bdd6fa6,1
48f82bbb-7e87-4546-ab54-c5cef16c3e9b,1
2de3d3a0-c939-495c-b179-710e07f36a71,1
312327b1-220c-4235-aabc-771474c849f9,1
f53785a6-9c0b-4b9e-8e16-f6e1cdd00614,1
49751b87-3a4d-466c-96e5-d54c650149f7,1
c1187cfb-d07f-47ee-9289-22bff946423a,1
9e6d8e96-6f74-4c83-b5e8-1e02d792943a,1
d32b5397-50c1-4cc0-8367-1d29ddb39abb,1
4ba69176-0a57-4e76-9668-b503f599b0c7,1
f75f0501-3cd0-4310-be1c-f2a1aefc3b7c,1
7211feb0-a767-4bd4-b7e4-8f8ff6a9eece,1
4862dc4a-57ea-475d-8999-ad7d42a9ed25,1
f5aa2266-4297-4584-9733-b89122852610,1
227396c2-983a-433d-8b4f-f82ec86fa13b,1
d54f78a4-87f5-4aae-8b22-ab1a65d9e177,1
0ea05019-98f2-40b8-8b0a-593f00460255,1
f4bf0a9d-5ac6-4062-8394-c7539e74d57c,1
673d2304-4b02-4f2a-8a16-3a22164e5328,1
04e938d4-34a3-4201-9c7e-4683b7af492c,1
4f791766-e32e-472f-ac0d-2a4fab19b9b9,1
d7a2af20-8e85-4cc3-ba4b-497f61977abb,1
b03ec41d-c8e0-4eda-9010-70de7273cd18,1
24f4c284-32d9-46af-bcff-ff3fff14c654,1
b7b60add-b495-4497-bd83-8db66466e814,1
14c0d765-3e12-4849-ad3e-cb1a74990972,1
a326d278-382b-4d51-9833-d1d2067b5d3a,1
990c6887-d124-4778-83ca-108c306a8b68,1
990b4b55-3496-4eb8-a4ae-4fd95abb0d64,1
16bf248d-8aa8-4fbe-9e33-3cdd4947a3db,1
56d8a5af-58e2-4f04-8865-043286b5fa22,1
b1b603c9-e1ad-4956-88c7-c199c718464d,1
94f79ef9-22e2-4216-9d25-4afba9184aa6,1
8041ab1b-d71b-4008-a493-1b068a2aedf2,1
72753b8b-34b1-4c04-98f4-1c6fe140b327,1
09967725-e85a-449b-8a0c-3db2b925155a,1
c7b1183f-8af0-4db3-a503-12bdb3f2cae9,1
29ba14b2-d564-49aa-8426-9a4102a95eb7,1
007cddef-7dc2-4426-b49b-eadb6af6d223,1
1cb59c28-5e00-4932-961a-2fea8da796d0,1
aaf82555-2fd8-4033-a2bc-47f787d27f29,1
d064ffe1-d809-4bb9-8ed2-47b65bd92fb4,1
b0431770-e3be-43d9-b2d9-9b3202626124,1
cdd951b9-20af-478b-8ef8-35d9fdb563b1,1
b906fd6a-82b3-492f-8bb9-789577fd7b0b,1
94f87e93-f7f3-44b1-8521-4426f540e566,1
a7632af4-084c-4633-a9a2-402b84cd7b71,1
f526aaec-8e08-417f-8344-2bc228d8a531,1
be15ef3e-7153-4298-9f8f-c81976433470,1
911ff07b-c77b-423b-b475-b212c59aaf1a,1
48281489-3ce7-4fa8-9904-41818e2a009d,1
c384d603-ca44-429b-ad5f-9b60677547d2,1
f3ec5fac-53a1-423f-837d-6344112344a2,1
acb38898-5510-4ba9-a950-0e628fe12ba3,1
c52a3d1e-5cc4-4537-ba17-00f7dde4b1b7,1
ffe8547e-bcf0-48c2-a909-e9b9c130eadf,1
76186cb6-74b0-4a4d-8740-ab29330e0c91,1
bac54ed4-60aa-40fe-b4c6-cddd88ed4c56,1
c6d04f19-84dd-44fa-b104-1b81f40cd860,1
5a078b82-9302-4042-88f6-33f66d649532,1
e59c6afc-1de3-4aae-8e69-8699e50d1415,1
80bce0ea-2248-4c24-a0c0-c8c5b634de5a,1
c8dbdf85-ce62-419f-b74d-28066f422e84,1
5643564b-1684-40ff-b9cf-d58e561ebdb1,1
d4120327-6382-46d6-8a0f-e6ce7a41a42b,1
9c753854-2aa1-4289-b80f-63437b300e2b,1
44486f9c-1e0e-4e54-a139-83c0143193d6,1
3468af12-2f52-4f1c-80d8-e8e50f58905c,1
2dd1d226-8bad-46b4-a001-4e27f0f6fa2a,1
4bfe30ab-fab8-4be2-a517-2a103d9a0009,1
5a61c197-cec6-404e-9862-b6cf0d1851ca,1
15032088-d5d3-4d30-b48e-17e58499d3bf,1
520aae4c-96ef-46ea-87ba-d29d48bdd6c5,1
773f0649-5eb9-4346-aee8-1526fa7cefa8,1
5ed39995-e231-4015-b421-ca39600e1984,1
2161da3c-dda7-4c07-912a-c85a6dc16ba4,1
62e80a00-9895-4438-b288-6d6c21396574,1
190e818a-d7fb-4e0d-a776-dfccb54a29a9,1
24de2903-1c04-4e58-a5f8-e73ec57e77f8,1
a7fea415-c04b-454d-a90c-1b7374c6f272,1
fc19b20b-cdda-493f-86cf-d62418e101ba,1
d37ad183-e873-4c4a-a633-1f52e2082684,1
34aac7e2-b428-48ae-bd9a-3437eaf7b987,1
953537da-2de8-4cff-b56d-f49f17ed426d,1
c4f1bcf2-2345-4d39-94f0-de705163de2a,1
fe73e6b1-0d6b-4ea6-94c5-5e848554e826,1
8f97a5cc-2cd0-47ca-8fe1-7b21746be004,1
f868f6f3-6715-41b6-9981-e5fdbdbacfad,1
0869d9e9-fd46-4f15-99ee-9738ff733b55,1
a1b66222-0367-455e-a756-5a1e792f44ef,1
aa130831-e842-414d-8e50-c168f27ce2d8,1
c39c8368-61e9-4ac2-a6f8-50a0056e81ec,1
32e925f8-5a92-4688-9f31-b7955a961527,1
f74d91f6-2056-4958-aad0-96cc00d1c548,1
afcaaa95-ffd0-4e64-be6d-c2d67944ff6a,1
6020d027-bfb9-4cc1-afd3-16dde0df70fc,1
522790b5-742c-4efb-85c2-46c225a9611a,1
aac73093-a60f-45c8-ab1f-0af0b20cffee,1
97931330-92ff-49d9-9e10-e9424d9e0d1c,1
ff5fc340-b0ea-49af-910f-19a9bb16cf69,1
f330ac5a-083b-45c9-baab-71495a60d145,1
d6eb4bf4-b453-4c7c-b586-7f93c2615304,1
4bb84eda-29c3-4940-b074-2cdb34885f86,1
f428960d-436a-4440-a009-c6b0fbfe0482,1
3a35e78b-d982-4d9c-a367-f1c16f71488f,1
a1fdcb29-f742-4017-a014-39fc1e5c5843,1
b3cd2525-eeb5-4267-80e1-90dc7f045d6b,1
79c2bc52-5a3d-475a-83a4-9f03f66b8d85,1
4270c64e-2fe2-4859-bda1-d912253a1bae,1
4985f6c0-a16a-4dba-bf90-4142510227f8,1
36299e18-833a-4c0b-8cc3-684ef3a09421,1
8903b0ca-e799-4e75-93e5-1d85b406c13d,1
972a0518-7773-42bf-b8d9-72a09c5d3cc3,1
8e33ce2e-9969-49e0-a596-0cf932b6d341,1
7d46bc65-0487-437b-af94-963c1f9fbc9c,1
ed3950e8-b80b-4693-a672-19531f875f95,1
c9cf55bf-6c65-4336-9d27-223c904299ad,1
2f3a67e0-a530-4750-a456-34ed49e567be,1
43d52bf8-aa59-4a5c-a1e4-a0dff8e72354,1
da131963-7a6a-418b-8287-321072d6b34e,1
f5b92cc9-8c90-47ee-bd03-4fbc2bdf1b93,2
8a2dc0e0-0ff6-416f-9eeb-299a7de9a939,1
1a6aa8d8-a1b0-4bca-93e1-7bb2cb7b3940,1
5834f09d-d37f-418b-9863-58a44cfb6d07,1
98a22b1d-ddb4-41fc-bad6-448ef45ee91a,1
594384ee-ce70-448d-9f64-98216a5dd2c9,1
ec75f4c0-32e8-430b-83cd-8d5cb7506839,2
870e5f4b-1cbb-4c78-9f0b-e2603eb32835,1
483917e3-d586-4d05-902a-f2cb2a6e39af,1
4182b6fd-902d-4335-bc52-752be318498a,1
ed1470b3-fea0-48e2-b201-25e5e6576229,1
b12cd678-1493-4543-95d0-5810b57669b6,1
48165d96-e5eb-4cb4-a8ac-d824fa5417b0,1
c009ea9e-926c-4ea7-9a95-84d06fc1e5dd,1
59ee5815-c581-4d19-9cea-3c3864c4114a,1
93b7a77f-cdff-4f6b-8851-c1d639c2a22e,1
c7f8651d-b014-4242-9591-55a8b6c93f2c,1
684f7c09-6f33-4e58-b773-48b7b9827116,1
5fc0800c-af98-40c8-8416-3ea406d4a65c,2
dfffd5b7-530d-4322-ad4b-2fe43f2e1155,1
70eb2ff1-c009-47c6-b10c-029f6cb51c19,1
0b830c35-2be9-4984-baeb-009e810f1ecf,1
1d410cfe-a972-48a9-bf17-1bd9191735f8,1
9b0c1c30-d6b8-4783-9de7-15301d04d53f,1
4a96b788-53f8-4d17-b2c4-c4244de10630,1
49728621-46db-46e9-9b22-ef0bece44d0e,1
9612645a-4043-474e-b79a-87cfbe3f7e64,1
0d3d1d9a-f9f2-469b-b529-4980225be35b,1
987dd6e4-4987-4e2e-a412-b74c30a21022,1
29ab5ece-9412-4450-a651-ba2fe83d3958,1
2a3cc832-1283-44f1-8d32-089399cab80d,1
31f7357b-9447-41e8-afdb-b23a91e20b59,1
b665243c-ca2f-45b0-8a98-3188356147d3,1
57397860-fca3-4d39-a7d5-f36b8820c75b,1
411ad9cf-fc27-4163-928c-b59541729f8f,1
adb3b8f6-6745-4963-8ebf-a39f35969f18,1
083a84f2-239b-4f4c-9ae3-582290701fee,1
f789e66b-ef39-4d01-bbc4-6f27883c7a99,1
d88113a1-746e-4073-a213-85e4dba7f034,1
9f8e3bbf-fa7b-4fa6-bd32-d9611b32b08a,1
930f88c8-6cab-4c32-9a91-76d3a9350ee2,1
16038e33-87ca-427d-9436-4090488e0be6,1
c3ffb8aa-4c88-4a08-b14b-464c34d60afc,1
8f11ff79-389d-4a3a-ba69-b4c24df495ab,1
89505e53-358f-46ea-9974-e91274245f96,1
9b1f2a08-a7dd-42d6-880b-60aea5c55305,1
845df69d-cf29-4f9e-b927-04c85725f1a6,1
4dc9dd67-88b7-48c6-b25a-46d7d13c4626,2
dac14fba-4fa9-40ff-b1a6-3bdbed854d40,2
ee637aee-7444-43a5-9fac-73d161a5353d,1
5a14a2a8-037c-44c7-b925-775a946f89ea,1
fd7e0208-9144-489f-a8c9-e93ab1191d1b,1
35d61eae-ce37-48a3-a64c-bc2dc035f780,1
b3bac0dc-b501-4a8d-a65c-e151e1006cee,1
d0e55d54-14ac-459c-8637-0a1a2531b8e8,1
49539f1b-55ed-464d-9aac-54c7fb193b05,1
dd8789a6-9f8a-40e4-bfa8-eacc837048e7,1
94e2bd6f-5a37-4045-82f4-8a471bcf5c1c,1
a5ac1c13-bda7-4783-9155-590d61ff6851,1
a40ddafb-ecc7-448a-92e6-2399a02dc99d,1
527a37d7-c4dc-4d8a-96b2-c3a971f14eaf,1
dd3aa50a-cc4e-45ea-9ac4-9ae9b0ba96f1,1
850356b1-011a-4f92-a471-7bd093a9d02e,2
9a39340a-7f18-4119-adf5-a3855143049c,1
b12f5e6f-07fd-4f71-8d94-a1d0716e4d43,1
93bd9d51-98ce-418a-929f-5c8ee1c15556,1
ffc09ad0-8c30-4e51-ab6e-1a7c123d9361,1
14eefc03-d6d9-49a7-8bbd-1bff8ab619df,1
b561bb49-bc4b-414e-866a-36a5896d90c2,1
6f123656-2878-4fbe-8bb7-67f8983f9e90,1
9cabc7a8-82cc-484a-b5fb-d15fb32afda7,1
aaac0076-82d4-48d9-a543-a9cc1579644a,1
8e0bf997-dc27-4067-84f4-9a8377c57f07,1
924a7f23-7e94-4e00-aec1-0fe71802535a,1
a261f037-be18-4e1f-be27-4c84c8beb7b8,1
286f4fa0-4b69-4192-b364-927f499e5e09,1
46e03d31-7257-47c4-b012-c840aa9c99d3,1
7dd06939-453e-479f-849b-a6fa2b10b5bf,1
a6483dfc-82b0-42e3-a5ed-6bc400bd0a0c,1
46ce286f-1169-4462-91a0-b3580af297c0,1
c75c65c7-e570-4183-b3d8-9577834a7225,1
5a37318a-90df-40c2-909c-243fac2cd3c0,1
f02db9d3-6628-4b43-8544-1b3acf5cf10c,1
a2de3a35-fb7b-44a5-814b-e9ac4bc63c22,1
c07744e5-2782-4494-ba85-a0fe4dbf5996,1
991f0da2-b432-49fb-90ce-13893f38db0c,1
546f9fb5-d7fe-40bb-8dc1-c533ca364400,1
223e422c-a97e-4f70-886f-a48d0d21d262,1
5deb7a2b-7597-4da9-b0e7-1b37adb22244,1
37b16d9f-4153-49b7-92a0-e5ecf45a0605,1
73552682-02e6-433a-b9dc-d0cfd01224a0,1
7cd68f88-ef79-4d41-b2cb-02490f2eb070,1
c555c886-d7ae-4e8a-ae8f-4bb9209fbfe8,1
49aaf231-cdee-494f-964f-6af613872d94,1
ec19fb16-f044-4a0d-b461-a851d8daa713,1
0c1ab2bd-084a-4215-8bba-06af127122ff,2
b6bbb9e5-ef79-42e7-8863-8a81a8226f2d,1
ddf63e7d-0de4-4548-8cdf-35535bb32612,1
f1110550-eb46-430b-b095-7a0e3a23ea3b,1
469b1993-320d-48b4-8fa8-c43480b8933b,1
e264f883-95f2-453d-a42d-471c4b69006b,1
7c037d9c-f75e-4ef1-945c-63ee840c88af,1
708ea5d2-d1eb-4e13-84ff-6fd1fc327b6c,2
c581fd65-92d6-4216-86e3-fa9214f88ca7,1
35e152b3-c79d-446d-ac37-a9255b5d3775,1
917a2766-3674-42d6-990f-387c57008f66,1
886d5b21-7afb-4234-b0fb-f14929f5b44b,1
31143251-aeb4-45b8-b508-8b9c20c5aa4e,1
a862643a-3243-41aa-a8df-54ae1a640127,1
534f89be-7f59-4efd-ae2e-601874f69fd0,1
aa1ebe51-d466-4b9e-b016-45a41bb08292,1
628d8de5-a8a8-42e7-8469-6c416fbf4549,1
81792a53-0bb4-4b64-ad65-bc5c7551fa8d,1
dba4b061-cf4c-4b5e-b094-6192fa819dc0,1
6884de33-7b88-491c-9c87-a801e460db60,1
3f55e5ca-9257-41fc-9043-491efd67a791,1
fa0ca8b2-4853-4bcb-a200-53e54b5aa5cc,1
6fd49eef-d343-43ab-a01a-87f7a9f00e17,2
1d4436e6-010a-4802-ab01-1494490f46ab,2
